MODEL,MAKE,MODEL,VEHICLE CLASS,ENGINE SIZE,CYLINDERS,TRANSMISSION,FUEL,FUEL CONSUMPTION*,,,,CO2 EMISSIONS 
YEAR,,# = high output engine,,(L),,,TYPE,CITY (L/100 km),HWY (L/100 km),COMB (L/100 km),COMB (mpg),(g/km)
2007,ACURA,CSX,COMPACT,2,4,AS5,X,10.9,7.8,9.5,30,219
2007,ACURA,CSX,COMPACT,2,4,M5,X,10,7.6,8.9,32,205
2007,ACURA,CSX,COMPACT,2,4,M6,Z,11.6,8.1,10,28,230
2007,ACURA,MDX AWD,SUV,3.7,6,AS5,Z,15.4,11.8,13.8,20,317
2007,ACURA,RDX AWD TURBO,SUV,2.3,4,AS5,Z,14,11,12.7,22,292
2007,ACURA,RL AWD,MID-SIZE,3.5,6,AS5,Z,14.5,9.9,12.4,23,285
2007,ACURA,TL,MID-SIZE,3.2,6,AS5,Z,13.1,8.9,11.2,25,258
2007,ACURA,TL,MID-SIZE,3.5,6,AS5,Z,13.8,9.3,11.8,24,271
2007,ACURA,TL,MID-SIZE,3.5,6,M6,Z,13.1,8.7,11.1,25,255
2007,ACURA,TSX,COMPACT,2.4,4,AS5,Z,11.9,8.3,10.3,27,237
2007,ACURA,TSX,COMPACT,2.4,4,M6,Z,12.2,8.6,10.6,27,244
2007,ASTON MARTIN,DB9 COUPE,MINICOMPACT,5.9,12,AS6,Z,21.2,13.3,17.6,16,405
2007,ASTON MARTIN,DB9 COUPE,MINICOMPACT,5.9,12,M6,Z,23,14.4,19.1,15,439
2007,ASTON MARTIN,DB9 VOLANTE,MINICOMPACT,5.9,12,AS6,Z,20.7,13.8,17.6,16,405
2007,ASTON MARTIN,DB9 VOLANTE,MINICOMPACT,5.9,12,M6,Z,23,14.4,19.1,15,439
2007,ASTON MARTIN,V8 VANTAGE,TWO-SEATER,4.3,8,AM6,Z,17.9,11.9,15.2,19,350
2007,ASTON MARTIN,V8 VANTAGE,TWO-SEATER,4.3,8,M6,Z,19,12.7,16.2,17,373
2007,AUDI,A3,STATION WAGON - SMALL,2,4,AS6,Z,10.6,8.2,9.6,29,221
2007,AUDI,A3,STATION WAGON - SMALL,2,4,M6,Z,11.5,8.1,10,28,230
2007,AUDI,A3 QUATTRO,STATION WAGON - SMALL,3.2,6,AS6,Z,12.8,9.5,11.3,25,260
2007,AUDI,A4,COMPACT,2,4,AV,Z,11.2,8,9.7,29,223
2007,AUDI,A4,COMPACT,2,4,M6,Z,11.6,7.5,9.8,29,225
2007,AUDI,A4 AVANT QUATTRO,STATION WAGON - SMALL,2,4,AS6,Z,12.2,8.6,10.6,27,244
2007,AUDI,A4 AVANT QUATTRO,STATION WAGON - SMALL,2,4,M6,Z,12,8.3,10.4,27,239
2007,AUDI,A4 AVANT QUATTRO,STATION WAGON - SMALL,3.1,6,AS6,Z,13.6,9.5,11.8,24,271
2007,AUDI,A4 AVANT QUATTRO,STATION WAGON - SMALL,3.1,6,M6,Z,15.2,9.6,12.7,22,292
2007,AUDI,A4 CABRIOLET,SUBCOMPACT,2,4,AV,Z,11.2,8,9.7,29,223
2007,AUDI,A4 CABRIOLET,COMPACT,3.1,6,AS6,Z,14,9.6,12,24,276
2007,AUDI,A4 QUATTRO,COMPACT,2,4,AS6,Z,12.2,8.6,10.6,27,244
2007,AUDI,A4 QUATTRO,COMPACT,2,4,M6,Z,12,8.3,10.4,27,239
2007,AUDI,A4 QUATTRO,COMPACT,3.1,6,AS6,Z,13.6,9.5,11.8,24,271
2007,AUDI,A4 QUATTRO,COMPACT,3.1,6,M6,Z,15.2,9.6,12.7,22,292
2007,AUDI,A6 AVANT QUATTRO,STATION WAGON - MID-SIZE,3.1,6,AS6,Z,14,9.6,12,24,276
2007,AUDI,A6 QUATTRO,MID-SIZE,3.1,6,AS6,Z,13.6,9.5,11.8,24,271
2007,AUDI,A6 QUATTRO,MID-SIZE,4.2,8,AS6,Z,14.7,10.4,12.8,22,294
2007,AUDI,A8,MID-SIZE,4.2,8,AS6,Z,14.7,10.4,12.8,22,294
2007,AUDI,A8 L,FULL-SIZE,4.2,8,AS6,Z,14.7,10.4,12.8,22,294
2007,AUDI,A8 L,FULL-SIZE,6,12,AS6,Z,18.2,12.2,15.5,18,357
2007,AUDI,Q7,SUV,3.6,6,AS6,Z,16.8,12.9,15.1,19,347
2007,AUDI,Q7,SUV,4.2,8,AS6,Z,19,13.5,16.5,17,380
2007,AUDI,RS4,COMPACT,4.2,8,M6,Z,18.6,11.9,15.6,18,359
2007,AUDI,S4,COMPACT,4.2,8,AS6,Z,17.1,11.2,14.5,19,334
2007,AUDI,S4,COMPACT,4.2,8,M6,Z,17.8,12,15.2,19,350
2007,AUDI,S4 AVANT,STATION WAGON - SMALL,4.2,8,AS6,Z,17.2,11.2,14.5,19,334
2007,AUDI,S4 AVANT,STATION WAGON - SMALL,4.2,8,M6,Z,17.8,12,15.2,19,350
2007,AUDI,S4 CABRIOLET,SUBCOMPACT,4.2,8,AS6,Z,17.2,11.2,14.5,19,334
2007,AUDI,S4 CABRIOLET,SUBCOMPACT,4.2,8,M6,Z,18,12.1,15.3,18,352
2007,AUDI,S6,MID-SIZE,5.2,10,AS6,Z,16.9,12.2,14.8,19,340
2007,AUDI,S8,FULL-SIZE,5.2,10,AS6,Z,17.7,12.1,15.2,19,350
2007,BENTLEY,ARNAGE,MID-SIZE,6.7,8,AS6,Z,24.5,15.8,20.6,14,474
2007,BENTLEY,AZURE,MID-SIZE,6.7,8,AS6,Z,24.5,15.8,20.6,14,474
2007,BENTLEY,CONTINENTAL FLYING SPUR,MID-SIZE,6,12,AS6,Z,23,13.9,18.9,15,435
2007,BENTLEY,CONTINENTAL GT,COMPACT,6,12,AS6,Z,22.4,13.6,18.5,15,426
2007,BENTLEY,CONTINENTAL GTC,SUBCOMPACT,6,12,AS6,Z,23,13.9,18.9,15,435
2007,BMW,323i,COMPACT,2.5,6,A6,Z,12.7,8,10.6,27,244
2007,BMW,323i,COMPACT,2.5,6,M6,Z,12.6,8.2,10.6,27,244
2007,BMW,328i,COMPACT,3,6,A6,Z,12.8,8.5,10.8,26,248
2007,BMW,328i,COMPACT,3,6,M6,Z,13.2,8.6,11.1,25,255
2007,BMW,328i CABRIOLET,SUBCOMPACT,3,6,A6,Z,13,8.7,11,26,253
2007,BMW,328i CABRIOLET,SUBCOMPACT,3,6,M6,Z,13.2,9.1,11.4,25,262
2007,BMW,328i COUPE,SUBCOMPACT,3,6,A6,Z,12.8,8.5,10.8,26,248
2007,BMW,328i COUPE,SUBCOMPACT,3,6,M6,Z,13.2,8.6,11.1,25,255
2007,BMW,328xi,COMPACT,3,6,A6,Z,13.2,9.4,11.5,25,265
2007,BMW,328xi,COMPACT,3,6,M6,Z,13.7,9.1,11.7,24,269
2007,BMW,328xi COUPE,SUBCOMPACT,3,6,A6,Z,13.2,9.4,11.5,25,265
2007,BMW,328xi COUPE,SUBCOMPACT,3,6,M6,Z,13.7,9.1,11.7,24,269
2007,BMW,328xi TOURING,STATION WAGON - SMALL,3,6,A6,Z,13.2,9.4,11.5,25,265
2007,BMW,328xi TOURING,STATION WAGON - SMALL,3,6,M6,Z,13.7,9.1,11.7,24,269
2007,BMW,335i,COMPACT,3,6,A6,Z,13.7,9.3,11.7,24,269
2007,BMW,335i,COMPACT,3,6,M6,Z,14,9,11.8,24,271
2007,BMW,335i CABRIOLET,SUBCOMPACT,3,6,A6,Z,13.7,9.3,11.7,24,269
2007,BMW,335i CABRIOLET,SUBCOMPACT,3,6,M6,Z,14,9,11.8,24,271
2007,BMW,335i COUPE,SUBCOMPACT,3,6,A6,Z,13.7,9.3,11.7,24,269
2007,BMW,335i COUPE,SUBCOMPACT,3,6,M6,Z,14,9,11.8,24,271
2007,BMW,335xi,COMPACT,3,6,A6,Z,13.7,9.5,11.8,24,271
2007,BMW,335xi,COMPACT,3,6,M6,Z,14,9.4,11.9,24,274
2007,BMW,525i,MID-SIZE,3,6,A6,Z,12.8,8.5,10.8,26,248
2007,BMW,525i,MID-SIZE,3,6,M6,Z,13.2,8.6,11.1,25,255
2007,BMW,525xi,MID-SIZE,3,6,A6,Z,13.2,9.4,11.5,25,265
2007,BMW,525xi,MID-SIZE,3,6,M6,Z,13.7,9.1,11.7,24,269
2007,BMW,530i,MID-SIZE,3,6,A6,Z,12.8,8.5,10.8,26,248
2007,BMW,530i,MID-SIZE,3,6,M6,Z,13.2,8.6,11.1,25,255
2007,BMW,530xi,MID-SIZE,3,6,A6,Z,13.2,9.4,11.5,25,265
2007,BMW,530xi,MID-SIZE,3,6,M6,Z,13.7,9.1,11.7,24,269
2007,BMW,530xi TOURING,STATION WAGON - MID-SIZE,3,6,A6,Z,13.2,9.4,11.5,25,265
2007,BMW,530xi TOURING,STATION WAGON - MID-SIZE,3,6,M6,Z,13.7,9.1,11.7,24,269
2007,BMW,550i,MID-SIZE,4.8,8,A6,Z,14.8,9.8,12.6,22,290
2007,BMW,550i,MID-SIZE,4.8,8,M6,Z,16.5,11,14,20,322
2007,BMW,650i CABRIOLET,SUBCOMPACT,4.8,8,A6,Z,15.4,10.3,13.1,22,301
2007,BMW,650i CABRIOLET,SUBCOMPACT,4.8,8,M6,Z,18,11.8,15.2,19,350
2007,BMW,650i COUPE,SUBCOMPACT,4.8,8,A6,Z,14.8,9.8,12.6,22,290
2007,BMW,650i COUPE,SUBCOMPACT,4.8,8,M6,Z,16.5,11,14,20,322
2007,BMW,750i,FULL-SIZE,4.8,8,A6,Z,15.4,10.3,13.1,22,301
2007,BMW,750Li,FULL-SIZE,4.8,8,A6,Z,15.4,10.3,13.1,22,301
2007,BMW,760Li,FULL-SIZE,6,12,A6,Z,17.7,11.3,14.8,19,340
2007,BMW,ALPINA B7,FULL-SIZE,4.4,8,A6,Z,17.1,11,14.4,20,331
2007,BMW,M COUPE,TWO-SEATER,3.2,6,M6,Z,16.2,10.6,13.7,21,315
2007,BMW,M ROADSTER,TWO-SEATER,3.2,6,M6,Z,16.2,10.6,13.7,21,315
2007,BMW,M5,MID-SIZE,5,10,AM7,Z,20.3,12.9,17,17,391
2007,BMW,M5,MID-SIZE,5,10,M6,Z,21.9,13.9,18.3,15,421
2007,BMW,M6 CABRIOLET,SUBCOMPACT,5,10,AM7,Z,19.9,12.7,16.6,17,382
2007,BMW,M6 CABRIOLET,SUBCOMPACT,5,10,M6,Z,22.3,13.7,18.5,15,426
2007,BMW,M6 COUPE,SUBCOMPACT,5,10,AM7,Z,20.3,12.9,17,17,391
2007,BMW,M6 COUPE,SUBCOMPACT,5,10,M6,Z,21.9,13.9,18.3,15,421
2007,BMW,X3 3.0i,SUV,3,6,A6,Z,13.7,9.9,12,24,276
2007,BMW,X3 3.0i,SUV,3,6,M6,Z,14,9.7,12.1,23,278
2007,BMW,X3 3.0si,SUV,3,6,A6,Z,13.7,9.9,12,24,276
2007,BMW,X3 3.0si,SUV,3,6,M6,Z,14,9.7,12.1,23,278
2007,BMW,X5 3.0si,SUV,3,6,A6,Z,15.2,11,13.3,21,306
2007,BMW,X5 4.8i,SUV,4.8,8,A6,Z,17.7,12,15.1,19,347
2007,BMW,Z4 3.0i,TWO-SEATER,3,6,A6,Z,12.8,8.5,10.8,26,248
2007,BMW,Z4 3.0i,TWO-SEATER,3,6,M6,Z,13.2,8.6,11.1,25,255
2007,BMW,Z4 3.0si,TWO-SEATER,3,6,A6,Z,12.8,8.5,10.8,26,248
2007,BMW,Z4 3.0si,TWO-SEATER,3,6,M6,Z,13.2,8.6,11.1,25,255
2007,BUICK,ALLURE,MID-SIZE,3.6,6,A4,X,13.9,9.5,11.9,24,274
2007,BUICK,ALLURE,MID-SIZE,3.8,6,A4,X,13.7,8.8,11.5,25,265
2007,BUICK,LUCERNE,FULL-SIZE,3.8,6,A4,X,13.7,8.8,11.5,25,265
2007,BUICK,LUCERNE,FULL-SIZE,4.6,8,A4,Z,15.4,10.4,13.2,21,304
2007,BUICK,RAINIER AWD,SUV,4.2,6,A4,X,17,11.9,14.7,19,338
2007,BUICK,RAINIER AWD,SUV,5.3,8,A4,X,17.1,12,14.8,19,340
2007,BUICK,RENDEZVOUS,SUV,3.5,6,A4,X,14.2,10.1,12.3,23,283
2007,BUICK,TERRAZA,MINIVAN,3.9,6,A4,X,14.7,10.1,12.6,22,290
2007,BUICK,TERRAZA FFV,MINIVAN,3.9,6,A4,X,14.8,10.1,12.7,22,292
2007,BUICK,TERRAZA FFV,MINIVAN,3.9,6,A4,E,19.7,13.5,16.9,17,270
2007,CADILLAC,CTS,MID-SIZE,2.8,6,AS5,X,14.7,9.6,12.4,23,285
2007,CADILLAC,CTS,MID-SIZE,2.8,6,M6,X,15.2,9.5,12.6,22,290
2007,CADILLAC,CTS,MID-SIZE,3.6,6,AS5,X,15,9.4,12.5,23,288
2007,CADILLAC,CTS,MID-SIZE,3.6,6,M6,X,15.7,9.7,13,22,299
2007,CADILLAC,CTS,MID-SIZE,6,8,M6,Z,17,10.9,14.2,20,327
2007,CADILLAC,DTS,FULL-SIZE,4.6,8,A4,Z,15.4,10.4,13.2,21,304
2007,CADILLAC,ESCALADE AWD,SUV,6.2,8,A6,Z,19.6,12.7,16.5,17,380
2007,CADILLAC,SRX,SUV,3.6,6,AS5,X,16,10.5,13.5,21,311
2007,CADILLAC,SRX,SUV,4.6,8,AS6,Z,17.6,11.4,14.8,19,340
2007,CADILLAC,SRX AWD,SUV,3.6,6,AS5,X,16.6,11.1,14.1,20,324
2007,CADILLAC,SRX AWD,SUV,4.6,8,AS6,Z,17.8,11.8,15.1,19,347
2007,CADILLAC,STS,MID-SIZE,3.6,6,AS5,X,15,9.4,12.5,23,288
2007,CADILLAC,STS,MID-SIZE,4.4,8,AS6,Z,19.3,12.2,16.1,18,370
2007,CADILLAC,STS,MID-SIZE,4.6,8,AS6,Z,15.7,9.6,13,22,299
2007,CADILLAC,STS AWD,MID-SIZE,3.6,6,AS5,X,15.4,10.3,13.1,22,301
2007,CADILLAC,STS AWD,MID-SIZE,4.6,8,AS6,Z,17.1,11.1,14.4,20,331
2007,CADILLAC,XLR,TWO-SEATER,4.4,8,AS6,Z,17.7,11.5,14.9,19,343
2007,CADILLAC,XLR,TWO-SEATER,4.6,8,AS6,Z,15.7,9.6,13,22,299
2007,CHEVROLET,AVALANCHE,PICKUP TRUCK - STANDARD,5.3,8,A4,X,16.4,11.5,14.2,20,327
2007,CHEVROLET,AVALANCHE,PICKUP TRUCK - STANDARD,6,8,A4,X,18.1,13.4,16,18,368
2007,CHEVROLET,AVALANCHE 4X4,PICKUP TRUCK - STANDARD,6,8,A4,X,18.3,13.7,16.2,17,373
2007,CHEVROLET,AVALANCHE 4X4 FFV,PICKUP TRUCK - STANDARD,5.3,8,A4,X,17.1,12.2,14.9,19,343
2007,CHEVROLET,AVALANCHE 4X4 FFV,PICKUP TRUCK - STANDARD,5.3,8,A4,E,22.7,16.3,19.8,14,317
2007,CHEVROLET,AVALANCHE FFV,PICKUP TRUCK - STANDARD,5.3,8,A4,X,16.7,11.9,14.5,19,334
2007,CHEVROLET,AVALANCHE FFV,PICKUP TRUCK - STANDARD,5.3,8,A4,E,22.3,15.9,19.4,15,310
2007,CHEVROLET,AVEO,COMPACT,1.6,4,A4,X,10.4,7.5,9.1,31,209
2007,CHEVROLET,AVEO,COMPACT,1.6,4,M5,X,10.2,7.1,8.8,32,202
2007,CHEVROLET,AVEO 5,SUBCOMPACT,1.6,4,A4,X,10.4,7.5,9.1,31,209
2007,CHEVROLET,AVEO 5,SUBCOMPACT,1.6,4,M5,X,10.2,7.1,8.8,32,202
2007,CHEVROLET,COBALT,SUBCOMPACT,2.2,4,A4,X,11,7.9,9.6,29,221
2007,CHEVROLET,COBALT,SUBCOMPACT,2.2,4,M5,X,10.5,7.1,9,31,207
2007,CHEVROLET,COBALT,SUBCOMPACT,2.4,4,A4,Z,10.8,8,9.5,30,219
2007,CHEVROLET,COBALT,SUBCOMPACT,2.4,4,M5,Z,10.8,7.5,9.3,30,214
2007,CHEVROLET,COBALT #,SUBCOMPACT,2,4,M5,Z,11.9,8.5,10.4,27,239
2007,CHEVROLET,COLORADO,PICKUP TRUCK - STANDARD,2.9,4,A4,X,15.2,10.6,13.2,21,304
2007,CHEVROLET,COLORADO,PICKUP TRUCK - STANDARD,2.9,4,M5,X,13.9,9.8,12.1,23,278
2007,CHEVROLET,COLORADO,PICKUP TRUCK - STANDARD,3.7,5,A4,X,15.2,11,13.3,21,306
2007,CHEVROLET,COLORADO 4X4,PICKUP TRUCK - STANDARD,2.9,4,A4,X,16.1,11.2,13.9,20,320
2007,CHEVROLET,COLORADO 4X4,PICKUP TRUCK - STANDARD,2.9,4,M5,X,15.2,10.6,13.2,21,304
2007,CHEVROLET,COLORADO 4X4,PICKUP TRUCK - STANDARD,3.7,5,A4,X,16.1,11.3,13.9,20,320
2007,CHEVROLET,COLORADO CHASSIS CAB,PICKUP TRUCK - STANDARD,3.7,5,A4,X,16.9,13,15.2,19,350
2007,CHEVROLET,COLORADO CREW CAB,PICKUP TRUCK - STANDARD,2.9,4,A4,X,15.2,10.6,13.2,21,304
2007,CHEVROLET,COLORADO CREW CAB,PICKUP TRUCK - STANDARD,2.9,4,M5,X,13.9,9.8,12.1,23,278
2007,CHEVROLET,COLORADO CREW CAB,PICKUP TRUCK - STANDARD,3.7,5,A4,X,15.2,11,13.3,21,306
2007,CHEVROLET,COLORADO CREW CAB 4X4,PICKUP TRUCK - STANDARD,3.7,5,A4,X,16.1,11.5,14,20,322
2007,CHEVROLET,CORVETTE,TWO-SEATER,6,8,AS6,Z,15.2,9.3,12.5,23,288
2007,CHEVROLET,CORVETTE,TWO-SEATER,6,8,M6,Z,14.8,9,12.2,23,281
2007,CHEVROLET,CORVETTE,TWO-SEATER,7,8,M6,Z,15.9,9.7,13.1,22,301
2007,CHEVROLET,EQUINOX,SUV,3.4,6,A5,X,13.7,9.8,12,24,276
2007,CHEVROLET,EQUINOX AWD,SUV,3.4,6,A5,X,14.2,10.2,12.4,23,285
2007,CHEVROLET,EXPRESS CARGO,VAN - CARGO,4.3,6,A4,X,17.8,13.6,15.9,18,366
2007,CHEVROLET,EXPRESS CARGO,VAN - CARGO,5.3,8,A4,X,16.4,12.2,14.5,19,334
2007,CHEVROLET,EXPRESS CARGO AWD,VAN - CARGO,5.3,8,A4,X,17.7,13.3,15.7,18,361
2007,CHEVROLET,EXPRESS CARGO AWD FFV,VAN - CARGO,5.3,8,A4,X,17.9,14.1,16.2,17,373
2007,CHEVROLET,EXPRESS CARGO AWD FFV,VAN - CARGO,5.3,8,A4,E,23.5,18.4,21.2,13,339
2007,CHEVROLET,EXPRESS CARGO CONV,VAN - CARGO,5.3,8,A4,X,18.1,13.7,16.1,18,370
2007,CHEVROLET,EXPRESS CARGO CONV AWD,VAN - CARGO,5.3,8,A4,X,19,14.9,17.2,16,396
2007,CHEVROLET,EXPRESS CARGO CONV AWD FFV,VAN - CARGO,5.3,8,A4,X,19.1,14.9,17.2,16,396
2007,CHEVROLET,EXPRESS CARGO CONV AWD FFV,VAN - CARGO,5.3,8,A4,E,25,20.1,22.8,12,365
2007,CHEVROLET,EXPRESS CARGO CONV FFV,VAN - CARGO,5.3,8,A4,X,18.6,14.1,16.6,17,382
2007,CHEVROLET,EXPRESS CARGO CONV FFV,VAN - CARGO,5.3,8,A4,E,24.6,19,22.1,13,354
2007,CHEVROLET,EXPRESS CARGO FFV,VAN - CARGO,5.3,8,A4,X,16.9,12.3,14.9,19,343
2007,CHEVROLET,EXPRESS CARGO FFV,VAN - CARGO,5.3,8,A4,E,22.1,16.1,19.4,15,310
2007,CHEVROLET,EXPRESS PASSENGER,VAN - PASSENGER,5.3,8,A4,X,18.1,13.7,16.1,18,370
2007,CHEVROLET,EXPRESS PASSENGER AWD,VAN - PASSENGER,5.3,8,A4,X,19,14.9,17.2,16,396
2007,CHEVROLET,EXPRESS PASSENGER AWD FFV,VAN - PASSENGER,5.3,8,A4,X,19.1,14.9,17.2,16,396
2007,CHEVROLET,EXPRESS PASSENGER AWD FFV,VAN - PASSENGER,5.3,8,A4,E,25,20.1,22.8,12,365
2007,CHEVROLET,EXPRESS PASSENGER FFV,VAN - PASSENGER,5.3,8,A4,X,18.6,14.1,16.6,17,382
2007,CHEVROLET,EXPRESS PASSENGER FFV,VAN - PASSENGER,5.3,8,A4,E,24.6,19,22.1,13,354
2007,CHEVROLET,HHR,SUV,2.2,4,A4,X,11.8,8.6,10.4,27,239
2007,CHEVROLET,HHR,SUV,2.2,4,M5,X,11.8,8.1,10.1,28,232
2007,CHEVROLET,HHR,SUV,2.4,4,A4,Z,11.5,8.5,10.1,28,232
2007,CHEVROLET,HHR,SUV,2.4,4,M5,Z,11.8,8.3,10.2,28,235
2007,CHEVROLET,HHR PANEL,SUV,2.2,4,A4,X,11.6,8.5,10.2,28,235
2007,CHEVROLET,HHR PANEL,SUV,2.2,4,M5,X,11.8,8.1,10.1,28,232
2007,CHEVROLET,HHR PANEL,SUV,2.4,4,A4,Z,11.5,8.5,10.1,28,232
2007,CHEVROLET,HHR PANEL,SUV,2.4,4,M5,Z,11.8,8.5,10.3,27,237
2007,CHEVROLET,IMPALA,FULL-SIZE,3.5,6,A4,X,13,8.6,11,26,253
2007,CHEVROLET,IMPALA,FULL-SIZE,3.9,6,A4,X,13.4,8.9,11.4,25,262
2007,CHEVROLET,IMPALA,FULL-SIZE,5.3,8,A4,Z,14.5,9.6,12.3,23,283
2007,CHEVROLET,IMPALA FFV,FULL-SIZE,3.5,6,A4,X,12.8,8.3,10.8,26,248
2007,CHEVROLET,IMPALA FFV,FULL-SIZE,3.5,6,A4,E,16.5,10.9,14,20,224
2007,CHEVROLET,MALIBU,MID-SIZE,2.2,4,A4,X,11,7.5,9.4,30,216
2007,CHEVROLET,MALIBU,MID-SIZE,3.5,6,A4,X,12.3,8,10.4,27,239
2007,CHEVROLET,MALIBU,MID-SIZE,3.9,6,AS4,X,14.7,10.2,12.7,22,292
2007,CHEVROLET,MALIBU MAXX,FULL-SIZE,3.5,6,A4,X,13,8.6,11,26,253
2007,CHEVROLET,MALIBU MAXX,FULL-SIZE,3.9,6,AS4,X,15.2,10.5,13.1,22,301
2007,CHEVROLET,MONTE CARLO,MID-SIZE,3.5,6,A4,X,12.3,8,10.4,27,239
2007,CHEVROLET,MONTE CARLO,MID-SIZE,5.3,8,A4,Z,14.5,9.6,12.3,23,283
2007,CHEVROLET,MONTE CARLO FFV,MID-SIZE,3.5,6,A4,X,12.5,8.2,10.5,27,242
2007,CHEVROLET,MONTE CARLO FFV,MID-SIZE,3.5,6,A4,E,16.5,10.9,14,20,224
2007,CHEVROLET,OPTRA,COMPACT,2,4,A4,X,12.5,8.5,10.7,26,246
2007,CHEVROLET,OPTRA,COMPACT,2,4,M5,X,11.8,8.5,10.3,27,237
2007,CHEVROLET,OPTRA WAGON,STATION WAGON - SMALL,2,4,A4,X,12.5,8.5,10.7,26,246
2007,CHEVROLET,OPTRA WAGON,STATION WAGON - SMALL,2,4,M5,X,11.8,8.5,10.3,27,237
2007,CHEVROLET,SILVERADO,PICKUP TRUCK - STANDARD,4.3,6,A4,X,15.7,12,14.1,20,324
2007,CHEVROLET,SILVERADO,PICKUP TRUCK - STANDARD,4.8,8,A4,X,16.5,12.5,14.7,19,338
2007,CHEVROLET,SILVERADO,PICKUP TRUCK - STANDARD,5.3,8,A4,X,16,11.7,14,20,322
2007,CHEVROLET,SILVERADO,PICKUP TRUCK - STANDARD,6,8,A4,X,17.4,13.1,15.5,18,357
2007,CHEVROLET,SILVERADO 4X4,PICKUP TRUCK - STANDARD,4.3,6,A4,X,16.7,13.3,15.2,19,350
2007,CHEVROLET,SILVERADO 4X4,PICKUP TRUCK - STANDARD,4.8,8,A4,X,17.4,13.5,15.7,18,361
2007,CHEVROLET,SILVERADO 4X4,PICKUP TRUCK - STANDARD,5.3,8,A4,X,16.7,12.5,14.8,19,340
2007,CHEVROLET,SILVERADO 4X4,PICKUP TRUCK - STANDARD,6,8,A4,X,18.1,13.7,16.1,18,370
2007,CHEVROLET,SILVERADO 4X4 FFV,PICKUP TRUCK - STANDARD,5.3,8,A4,X,16.8,12.7,15,19,345
2007,CHEVROLET,SILVERADO 4X4 FFV,PICKUP TRUCK - STANDARD,5.3,8,A4,E,22.3,16.9,19.9,14,318
2007,CHEVROLET,SILVERADO CLASSIC,PICKUP TRUCK - STANDARD,4.3,6,A4,X,15.5,11.9,13.9,20,320
2007,CHEVROLET,SILVERADO CLASSIC,PICKUP TRUCK - STANDARD,4.3,6,M5,X,16.1,11.2,13.9,20,320
2007,CHEVROLET,SILVERADO CLASSIC,PICKUP TRUCK - STANDARD,4.8,8,A4,X,16,12.1,14.2,20,327
2007,CHEVROLET,SILVERADO CLASSIC,PICKUP TRUCK - STANDARD,5.3,8,A4,X,16.3,12.2,14.5,19,334
2007,CHEVROLET,SILVERADO CLASSIC,PICKUP TRUCK - STANDARD,6,8,A4,Z,18,13.7,16.1,18,370
2007,CHEVROLET,SILVERADO CLASSIC 4X4,PICKUP TRUCK - STANDARD,4.3,6,A4,X,16.7,13.4,15.2,19,350
2007,CHEVROLET,SILVERADO CLASSIC 4X4,PICKUP TRUCK - STANDARD,4.3,6,M5,X,17.1,12.6,15.1,19,347
2007,CHEVROLET,SILVERADO CLASSIC 4X4,PICKUP TRUCK - STANDARD,4.8,8,A4,X,17.1,13.5,15.5,18,357
2007,CHEVROLET,SILVERADO CLASSIC 4X4,PICKUP TRUCK - STANDARD,5.3,8,A4,X,17.7,13.3,15.7,18,361
2007,CHEVROLET,SILVERADO CLASSIC 4X4,PICKUP TRUCK - STANDARD,6,8,A4,Z,18.8,15,17.1,17,393
2007,CHEVROLET,SILVERADO CLASSIC 4X4 FFV,PICKUP TRUCK - STANDARD,5.3,8,A4,X,17.7,13.7,15.9,18,366
2007,CHEVROLET,SILVERADO CLASSIC 4X4 FFV,PICKUP TRUCK - STANDARD,5.3,8,A4,E,23.1,18.1,20.8,14,333
2007,CHEVROLET,SILVERADO CLASSIC FFV,PICKUP TRUCK - STANDARD,5.3,8,A4,X,16.8,12.2,14.7,19,338
2007,CHEVROLET,SILVERADO CLASSIC FFV,PICKUP TRUCK - STANDARD,5.3,8,A4,E,21.9,16,19.3,15,309
2007,CHEVROLET,SILVERADO FFV,PICKUP TRUCK - STANDARD,5.3,8,A4,X,16,11.8,14.1,20,324
2007,CHEVROLET,SILVERADO FFV,PICKUP TRUCK - STANDARD,5.3,8,A4,E,21.3,15.7,18.7,15,299
2007,CHEVROLET,SILVERADO HYBRID CLASSIC,PICKUP TRUCK - STANDARD,5.3,8,A4,X,14.8,12.2,13.6,21,313
2007,CHEVROLET,SILVERADO HYBRID CLASSIC 4X4,PICKUP TRUCK - STANDARD,5.3,8,A4,X,16,13.3,14.7,19,338
2007,CHEVROLET,SUBURBAN,SUV,5.3,8,A4,X,16.4,11.5,14.2,20,327
2007,CHEVROLET,SUBURBAN,SUV,6,8,A4,X,18.1,13.4,16,18,368
2007,CHEVROLET,SUBURBAN 4X4,SUV,6,8,A4,X,18.3,13.7,16.2,17,373
2007,CHEVROLET,SUBURBAN 4X4 FFV,SUV,5.3,8,A4,X,17.1,12.2,14.9,19,343
2007,CHEVROLET,SUBURBAN 4X4 FFV,SUV,5.3,8,A4,E,22.7,16.3,19.8,14,317
2007,CHEVROLET,SUBURBAN FFV,SUV,5.3,8,A4,X,16.7,11.9,14.5,19,334
2007,CHEVROLET,SUBURBAN FFV,SUV,5.3,8,A4,E,22.3,15.9,19.4,15,310
2007,CHEVROLET,TAHOE,SUV,4.8,8,A4,X,17.3,12.5,15.1,19,347
2007,CHEVROLET,TAHOE,SUV,5.3,8,A4,X,16.4,11.5,14.2,20,327
2007,CHEVROLET,TAHOE 4X4 FFV,SUV,5.3,8,A4,X,17.1,12.2,14.9,19,343
2007,CHEVROLET,TAHOE 4X4 FFV,SUV,5.3,8,A4,E,22.7,16.3,19.8,14,317
2007,CHEVROLET,TAHOE FFV,SUV,5.3,8,A4,X,16.7,11.9,14.5,19,334
2007,CHEVROLET,TAHOE FFV,SUV,5.3,8,A4,E,22.3,15.9,19.4,15,310
2007,CHEVROLET,TRAILBLAZER,SUV,4.2,6,A4,X,16.5,11.5,14.3,20,329
2007,CHEVROLET,TRAILBLAZER,SUV,5.3,8,A4,X,16.5,11.5,14.3,20,329
2007,CHEVROLET,TRAILBLAZER,SUV,6,8,A4,Z,17.9,13.6,16,18,368
2007,CHEVROLET,TRAILBLAZER 4X4,SUV,4.2,6,A4,X,17,11.9,14.7,19,338
2007,CHEVROLET,TRAILBLAZER 4X4,SUV,5.3,8,A4,X,17.1,12,14.8,19,340
2007,CHEVROLET,TRAILBLAZER AWD,SUV,6,8,A4,Z,18.9,14.7,17,17,391
2007,CHEVROLET,UPLANDER,MINIVAN,3.9,6,A4,X,14.7,10.1,12.6,22,290
2007,CHEVROLET,UPLANDER FFV,MINIVAN,3.9,6,A4,X,14.8,10.1,12.7,22,292
2007,CHEVROLET,UPLANDER FFV,MINIVAN,3.9,6,A4,E,19.7,13.5,16.9,17,270
2007,CHRYSLER,300,FULL-SIZE,3.5,6,AS5,X,14,9.6,12,24,276
2007,CHRYSLER,300 AWD,FULL-SIZE,3.5,6,AS5,X,15.5,10.6,13.3,21,306
2007,CHRYSLER,300C (MDS),FULL-SIZE,5.7,8,AS5,X,15.5,10.4,13.2,21,304
2007,CHRYSLER,300C AWD (MDS),FULL-SIZE,5.7,8,AS5,X,15.2,10.6,13.2,21,304
2007,CHRYSLER,300C SRT8,FULL-SIZE,6.1,8,AS5,Z,18.3,12.8,15.8,18,363
2007,CHRYSLER,ASPEN 4X4 (MDS),SUV,5.7,8,A5,X,18.3,13.1,16,18,368
2007,CHRYSLER,CROSSFIRE,TWO-SEATER,3.2,6,AS5,Z,12.7,9.3,11.1,25,255
2007,CHRYSLER,CROSSFIRE,TWO-SEATER,3.2,6,M6,Z,15.7,10.1,13.2,21,304
2007,CHRYSLER,CROSSFIRE ROADSTER,TWO-SEATER,3.2,6,AS5,Z,12.7,9.3,11.1,25,255
2007,CHRYSLER,CROSSFIRE ROADSTER,TWO-SEATER,3.2,6,M6,Z,15.7,10.1,13.2,21,304
2007,CHRYSLER,PACIFICA,SUV,3.8,6,AS4,X,15,10.3,12.9,22,297
2007,CHRYSLER,PACIFICA,SUV,4,6,AS6,X,16.1,10.4,13.5,21,311
2007,CHRYSLER,PACIFICA AWD,SUV,4,6,AS6,X,16.6,10.7,14,20,322
2007,CHRYSLER,PT CRUISER,SUV,2.4,4,A4,X,12.5,9.6,11.2,25,258
2007,CHRYSLER,PT CRUISER,SUV,2.4,4,M5,X,11.2,8.9,10.2,28,235
2007,CHRYSLER,PT CRUISER CONVERTIBLE,COMPACT,2.4,4,A4,X,12.5,9.6,11.2,25,258
2007,CHRYSLER,PT CRUISER CONVERTIBLE,COMPACT,2.4,4,M5,X,11.2,8.9,10.2,28,235
2007,CHRYSLER,PT TURBO,SUV,2.4,4,A4,X,12.9,9.6,11.4,25,262
2007,CHRYSLER,PT TURBO #,SUV,2.4,4,AS4,X,12.9,9.6,11.4,25,262
2007,CHRYSLER,PT TURBO #,SUV,2.4,4,M5,X,11.8,9.4,10.7,26,246
2007,CHRYSLER,PT TURBO CONVERTIBLE,COMPACT,2.4,4,A4,X,12.9,9.6,11.4,25,262
2007,CHRYSLER,PT TURBO CONVERTIBLE #,COMPACT,2.4,4,AS4,X,12.9,9.6,11.4,25,262
2007,CHRYSLER,PT TURBO CONVERTIBLE #,COMPACT,2.4,4,M5,X,11.8,9.4,10.7,26,246
2007,CHRYSLER,SEBRING,MID-SIZE,2.4,4,A4,X,11.1,7.9,9.6,29,221
2007,CHRYSLER,SEBRING,MID-SIZE,3.5,6,A6,X,14.5,9.1,12.1,23,278
2007,CHRYSLER,SEBRING,MID-SIZE,3.5,6,AS6,X,14.5,9.1,12.1,23,278
2007,CHRYSLER,SEBRING FFV,MID-SIZE,2.7,6,A4,X,12.2,8.6,10.6,27,244
2007,CHRYSLER,SEBRING FFV,MID-SIZE,2.7,6,A4,E,17.2,11.8,14.8,19,237
2007,CHRYSLER,SEBRING FFV,MID-SIZE,2.7,6,AS4,X,12.2,8.6,10.6,27,244
2007,CHRYSLER,SEBRING FFV,MID-SIZE,2.7,6,AS4,E,17.2,11.8,14.8,19,237
2007,CHRYSLER,TOWN & COUNTRY,MINIVAN,3.8,6,A4,X,15,10.3,12.9,22,297
2007,DODGE,CALIBER,MID-SIZE,1.8,4,M5,X,9.8,8.1,9,31,207
2007,DODGE,CALIBER,MID-SIZE,2,4,AV,X,10.3,8.7,9.6,29,221
2007,DODGE,CALIBER,MID-SIZE,2.4,4,AV,X,11.2,9.4,10.4,27,239
2007,DODGE,CALIBER,MID-SIZE,2.4,4,M5,X,10.3,8.5,9.5,30,219
2007,DODGE,CALIBER AWD,MID-SIZE,2.4,4,AV,X,11.5,9.9,10.8,26,248
2007,DODGE,CARAVAN,MINIVAN,3.3,6,A4,X,13.7,9.7,11.9,24,274
2007,DODGE,CARAVAN C/V,MINIVAN,3.3,6,A4,X,13.7,9.7,11.9,24,274
2007,DODGE,CARAVAN FFV,MINIVAN,3.3,6,A4,X,13.5,9.7,11.8,24,271
2007,DODGE,CARAVAN FFV,MINIVAN,3.3,6,A4,E,20.4,14.6,17.8,16,285
2007,DODGE,CARAVAN FFV C/V,MINIVAN,3.3,6,A4,X,13.5,9.7,11.8,24,271
2007,DODGE,CARAVAN FFV C/V,MINIVAN,3.3,6,A4,E,20.4,14.6,17.8,16,285
2007,DODGE,CHARGER,FULL-SIZE,2.7,6,A4,X,12.9,9.1,11.2,25,258
2007,DODGE,CHARGER,FULL-SIZE,3.5,6,AS5,X,14,9.6,12,24,276
2007,DODGE,CHARGER (MDS),FULL-SIZE,5.7,8,AS5,X,15.5,10.4,13.2,21,304
2007,DODGE,CHARGER AWD,FULL-SIZE,3.5,6,AS5,X,15.5,10.6,13.3,21,306
2007,DODGE,CHARGER AWD (MDS),FULL-SIZE,5.7,8,AS5,X,15.2,10.6,13.2,21,304
2007,DODGE,CHARGER SRT8,FULL-SIZE,6.1,8,AS5,Z,18.3,12.8,15.8,18,363
2007,DODGE,DAKOTA,PICKUP TRUCK - STANDARD,3.7,6,A4,X,16.1,11.5,14,20,322
2007,DODGE,DAKOTA,PICKUP TRUCK - STANDARD,3.7,6,M6,X,15.3,11.7,13.7,21,315
2007,DODGE,DAKOTA,PICKUP TRUCK - STANDARD,4.7,8,A5,X,17.3,12.8,15.3,18,352
2007,DODGE,DAKOTA 4X4,PICKUP TRUCK - STANDARD,3.7,6,A4,X,17.2,13.3,15.4,18,354
2007,DODGE,DAKOTA 4X4,PICKUP TRUCK - STANDARD,3.7,6,M6,X,15.9,12.8,14.5,19,334
2007,DODGE,DAKOTA 4X4,PICKUP TRUCK - STANDARD,4.7,8,A5,X,17.3,12.6,15.2,19,350
2007,DODGE,DAKOTA FFV,PICKUP TRUCK - STANDARD,4.7,8,A5,X,17.3,12.8,15.3,18,352
2007,DODGE,DAKOTA FFV,PICKUP TRUCK - STANDARD,4.7,8,A5,E,26.1,18.1,22.5,13,360
2007,DODGE,DAKOTA FFV 4X4,PICKUP TRUCK - STANDARD,4.7,8,A5,X,17.3,12.6,15.2,19,350
2007,DODGE,DAKOTA FFV 4X4,PICKUP TRUCK - STANDARD,4.7,8,A5,E,26.7,18.6,23.1,12,370
2007,DODGE,DURANGO 4X4 (MDS),SUV,5.7,8,A5,X,18.3,13.1,16,18,368
2007,DODGE,DURANGO 4X4 FFV,SUV,4.7,8,A5,X,19,14.2,16.9,17,389
2007,DODGE,DURANGO 4X4 FFV,SUV,4.7,8,A5,E,28,19,23.9,12,382
2007,DODGE,GRAND CARAVAN,MINIVAN,3.3,6,A4,X,14.5,10.1,12.5,23,288
2007,DODGE,GRAND CARAVAN,MINIVAN,3.8,6,A4,X,15,10.3,12.9,22,297
2007,DODGE,GRAND CARAVAN C/V,MINIVAN,3.3,6,A4,X,13.7,9.7,11.9,24,274
2007,DODGE,GRAND CARAVAN FFV,MINIVAN,3.3,6,A4,X,14.5,10.1,12.5,23,288
2007,DODGE,GRAND CARAVAN FFV,MINIVAN,3.3,6,A4,E,20.4,14.6,17.8,16,285
2007,DODGE,GRAND CARAVAN FFV C/V,MINIVAN,3.3,6,A4,X,13.5,9.7,11.8,24,271
2007,DODGE,GRAND CARAVAN FFV C/V,MINIVAN,3.3,6,A4,E,20.4,14.6,17.8,16,285
2007,DODGE,MAGNUM,SUV,2.7,6,A4,X,12.9,9.1,11.2,25,258
2007,DODGE,MAGNUM,SUV,3.5,6,AS5,X,14,9.6,12,24,276
2007,DODGE,MAGNUM (MDS),SUV,5.7,8,AS5,X,15.5,10.4,13.2,21,304
2007,DODGE,MAGNUM AWD,SUV,3.5,6,AS5,X,15.5,10.6,13.3,21,306
2007,DODGE,MAGNUM AWD (MDS),SUV,5.7,8,AS5,X,15.2,10.6,13.2,21,304
2007,DODGE,MAGNUM SRT8,SUV,6.1,8,AS5,Z,18.3,12.8,15.8,18,363
2007,DODGE,NITRO,SUV,3.7,6,A4,X,14.8,10.7,13,22,299
2007,DODGE,NITRO,SUV,3.7,6,M6,X,14.4,10.5,12.6,22,290
2007,DODGE,NITRO,SUV,4,6,A5,X,14.7,11.2,13.1,22,301
2007,DODGE,NITRO 4X4,SUV,3.7,6,A4,X,15.1,11.2,13.3,21,306
2007,DODGE,NITRO 4X4,SUV,3.7,6,M6,X,14.6,10.6,12.8,22,294
2007,DODGE,NITRO 4X4,SUV,4,6,A5,X,15.2,11.8,13.7,21,315
2007,DODGE,RAM 1500,PICKUP TRUCK - STANDARD,3.7,6,A4,X,16.5,12.1,14.5,19,334
2007,DODGE,RAM 1500,PICKUP TRUCK - STANDARD,3.7,6,M6,X,15.1,12.1,13.8,20,317
2007,DODGE,RAM 1500,PICKUP TRUCK - STANDARD,4.7,8,M6,X,18.6,13.7,16.4,17,377
2007,DODGE,RAM 1500 (MDS),PICKUP TRUCK - STANDARD,5.7,8,A5,X,17.8,12.7,15.5,18,357
2007,DODGE,RAM 1500 4X4,PICKUP TRUCK - STANDARD,4.7,8,M6,X,18.8,14.4,16.8,17,386
2007,DODGE,RAM 1500 4X4 (MDS),PICKUP TRUCK - STANDARD,5.7,8,A5,X,18.4,13.3,16.1,18,370
2007,DODGE,RAM 1500 FFV,PICKUP TRUCK - STANDARD,4.7,8,A5,X,19.1,13.7,16.7,17,384
2007,DODGE,RAM 1500 FFV,PICKUP TRUCK - STANDARD,4.7,8,A5,E,28.3,19.3,24.3,12,389
2007,DODGE,RAM 1500 FFV 4X4,PICKUP TRUCK - STANDARD,4.7,8,A5,X,19,14.2,16.9,17,389
2007,DODGE,RAM 1500 FFV 4X4,PICKUP TRUCK - STANDARD,4.7,8,A5,E,28,19,23.9,12,382
2007,FERRARI,599 GTB FIORANO,MID-SIZE,6,12,AS6,Z,23.3,16.9,20.4,14,469
2007,FERRARI,599 GTB FIORANO,MID-SIZE,6,12,M6,Z,23.3,17,20.5,14,472
2007,FERRARI,612 SCAGLIETTI,MID-SIZE,5.7,12,AS6,Z,25,15,20.5,14,472
2007,FERRARI,612 SCAGLIETTI,MID-SIZE,5.7,12,M6,Z,24.5,15.2,20.3,14,467
2007,FERRARI,F430 COUPE,TWO-SEATER,4.3,8,AS6,Z,21.1,14.4,18.1,16,416
2007,FERRARI,F430 COUPE,TWO-SEATER,4.3,8,M6,Z,20.7,14.5,17.9,16,412
2007,FERRARI,F430 SPIDER,TWO-SEATER,4.3,8,AS6,Z,21.1,14.4,18.1,16,416
2007,FERRARI,F430 SPIDER,TWO-SEATER,4.3,8,M6,Z,20.7,14.5,17.9,16,412
2007,FORD,CROWN VICTORIA,FULL-SIZE,4.6,8,A4,X,15.7,10.4,13.3,21,306
2007,FORD,CROWN VICTORIA,FULL-SIZE,4.6,8,A4,X,16,11,13.7,21,315
2007,FORD,CROWN VICTORIA,FULL-SIZE,4.6,8,A4,E,20.3,14.6,17.8,16,285
2007,FORD,EDGE,SUV,3.5,6,A6,X,14.6,10.1,12.5,23,288
2007,FORD,EDGE 4X4,SUV,3.5,6,A6,X,15.1,10.7,13.1,22,301
2007,FORD,ESCAPE,SUV,2.3,4,A4,X,11.9,9.9,11,26,253
2007,FORD,ESCAPE,SUV,2.3,4,M5,X,11.4,8.8,10.2,28,235
2007,FORD,ESCAPE,SUV,3,6,A4,X,13.4,10.4,12.1,23,278
2007,FORD,ESCAPE 4X4,SUV,2.3,4,A4,X,12.8,10.4,11.7,24,269
2007,FORD,ESCAPE 4X4,SUV,3,6,A4,X,14,11.1,12.7,22,292
2007,FORD,ESCAPE HEV,SUV,2.3,4,AV,X,7.6,8.2,7.9,36,182
2007,FORD,ESCAPE HEV 4X4,SUV,2.3,4,AV,X,8.5,8.8,8.6,33,198
2007,FORD,EXPLORER 4X4,SUV,4,6,A5,X,18.5,13.4,16.2,17,373
2007,FORD,EXPLORER 4X4,SUV,4.6,8,A6,X,18.6,12.9,16.1,18,370
2007,FORD,EXPLORER SPORT TRAC,PICKUP TRUCK - STANDARD,4,6,A5,X,17.4,12.3,15.1,19,347
2007,FORD,EXPLORER SPORT TRAC,PICKUP TRUCK - STANDARD,4.6,8,A6,X,18.3,12.6,15.7,18,361
2007,FORD,EXPLORER SPORT TRAC 4X4,PICKUP TRUCK - STANDARD,4,6,A5,X,18.5,13.4,16.2,17,373
2007,FORD,EXPLORER SPORT TRAC 4X4,PICKUP TRUCK - STANDARD,4.6,8,A6,X,18.6,12.9,16.1,18,370
2007,FORD,F150,PICKUP TRUCK - STANDARD,4.2,6,A4,X,16.8,12.6,14.9,19,343
2007,FORD,F150,PICKUP TRUCK - STANDARD,4.2,6,M5,X,16.8,12.3,14.8,19,340
2007,FORD,F150,PICKUP TRUCK - STANDARD,4.6,8,A4,X,17.6,12.8,15.4,18,354
2007,FORD,F150,PICKUP TRUCK - STANDARD,5.4,8,A4,X,18,13.6,16,18,368
2007,FORD,F150 4X4,PICKUP TRUCK - STANDARD,4.6,8,A4,X,18,13.7,16.1,18,370
2007,FORD,F150 4X4,PICKUP TRUCK - STANDARD,5.4,8,A4,X,18.9,14.4,16.9,17,389
2007,FORD,F150 FFV,PICKUP TRUCK - STANDARD,5.4,8,A4,X,17.8,13.4,15.8,18,363
2007,FORD,F150 FFV,PICKUP TRUCK - STANDARD,5.4,8,A4,E,23.7,18.1,21.2,13,339
2007,FORD,F150 FFV 4X4,PICKUP TRUCK - STANDARD,5.4,8,A4,X,18.9,14.4,16.9,17,389
2007,FORD,F150 FFV 4X4,PICKUP TRUCK - STANDARD,5.4,8,A4,E,25,19.2,22.4,13,358
2007,FORD,FIVE-HUNDRED,MID-SIZE,3,6,A6,X,12.7,8.9,11,26,253
2007,FORD,FIVE-HUNDRED AWD,MID-SIZE,3,6,AV,X,14.2,10.1,12.3,23,283
2007,FORD,FOCUS,COMPACT,2,4,A4,X,10.3,7.8,9.2,31,212
2007,FORD,FOCUS,COMPACT,2,4,M5,X,10,7.1,8.7,32,200
2007,FORD,FOCUS,COMPACT,2.3,4,M5,X,11.9,8.1,10.2,28,235
2007,FORD,FOCUS WAGON,STATION WAGON - MID-SIZE,2,4,A4,X,10.3,7.8,9.2,31,212
2007,FORD,FOCUS WAGON,STATION WAGON - MID-SIZE,2,4,M5,X,10,7.1,8.7,32,200
2007,FORD,FREESTAR VAN,VAN - CARGO,4.2,6,A4,X,15.6,11.2,13.6,21,313
2007,FORD,FREESTAR WAGON,MINIVAN,4.2,6,A4,X,15.6,11.2,13.6,21,313
2007,FORD,FREESTYLE,SUV,3,6,AV,X,13.2,9.6,11.6,24,267
2007,FORD,FREESTYLE 4X4,SUV,3,6,AV,X,14.2,10.6,12.6,22,290
2007,FORD,FUSION,MID-SIZE,2.3,4,A5,X,11.7,8.2,10.1,28,232
2007,FORD,FUSION,MID-SIZE,2.3,4,M5,X,11.5,8.2,10,28,230
2007,FORD,FUSION,MID-SIZE,3,6,A6,X,13.2,9.1,11.4,25,262
2007,FORD,FUSION AWD,MID-SIZE,3,6,A6,X,14.2,9.7,12.2,23,281
2007,FORD,GRAND MARQUIS,FULL-SIZE,4.6,8,A4,X,15.7,10.4,13.3,21,306
2007,FORD,GRAND MARQUIS,FULL-SIZE,4.6,8,A4,X,16,11,13.7,21,315
2007,FORD,GRAND MARQUIS,FULL-SIZE,4.6,8,A4,E,20.3,14.6,17.8,16,285
2007,FORD,MUSTANG,COMPACT,4,6,A5,X,14.5,9.9,12.4,23,285
2007,FORD,MUSTANG,COMPACT,4,6,M5,X,13.6,9.3,11.7,24,269
2007,FORD,MUSTANG,COMPACT,4.6,8,A5,X,15.5,11,13.5,21,311
2007,FORD,MUSTANG,COMPACT,4.6,8,M5,X,15.4,10.2,13.1,22,301
2007,FORD,MUSTANG,COMPACT,5.4,8,M6,Z,17.1,11.9,14.8,19,340
2007,FORD,RANGER,PICKUP TRUCK - STANDARD,2.3,4,A5,X,12.7,9.8,11.4,25,262
2007,FORD,RANGER,PICKUP TRUCK - STANDARD,2.3,4,M5,X,11.3,8.9,10.2,28,235
2007,FORD,RANGER,PICKUP TRUCK - STANDARD,3,6,A5,X,16.2,12,14.3,20,329
2007,FORD,RANGER,PICKUP TRUCK - STANDARD,3,6,M5,X,14.7,11.1,13.1,22,301
2007,FORD,RANGER,PICKUP TRUCK - STANDARD,4,6,A5,X,15.5,12,13.9,20,320
2007,FORD,RANGER,PICKUP TRUCK - STANDARD,4,6,M5,X,15.7,11.8,14,20,322
2007,FORD,RANGER 4X4,PICKUP TRUCK - STANDARD,4,6,A5,X,17.4,13.7,15.8,18,363
2007,FORD,RANGER 4X4,PICKUP TRUCK - STANDARD,4,6,M5,X,15.9,12.5,14.3,20,329
2007,FORD,TAURUS,MID-SIZE,3,6,A4,X,13.3,9.5,11.6,24,267
2007,GMC,ACADIA,SUV,3.6,6,A6,X,14.6,9.8,12.4,23,285
2007,GMC,ACADIA AWD,SUV,3.6,6,A6,X,15.1,10.5,13,22,299
2007,GMC,CANYON,PICKUP TRUCK - STANDARD,2.9,4,A4,X,15.2,10.6,13.2,21,304
2007,GMC,CANYON,PICKUP TRUCK - STANDARD,2.9,4,M5,X,13.9,9.8,12.1,23,278
2007,GMC,CANYON,PICKUP TRUCK - STANDARD,3.7,5,A4,X,15.2,11,13.3,21,306
2007,GMC,CANYON 4X4,PICKUP TRUCK - STANDARD,2.9,4,A4,X,16.1,11.2,13.9,20,320
2007,GMC,CANYON 4X4,PICKUP TRUCK - STANDARD,2.9,4,M5,X,15.2,10.6,13.2,21,304
2007,GMC,CANYON 4X4,PICKUP TRUCK - STANDARD,3.7,5,A4,X,16.1,11.3,13.9,20,320
2007,GMC,CANYON CHASSIS CAB,PICKUP TRUCK - STANDARD,3.7,5,A4,X,16.9,13,15.2,19,350
2007,GMC,CANYON CREW CAB,PICKUP TRUCK - STANDARD,2.9,4,A4,X,15.2,10.6,13.2,21,304
2007,GMC,CANYON CREW CAB,PICKUP TRUCK - STANDARD,2.9,4,M5,X,13.9,9.8,12.1,23,278
2007,GMC,CANYON CREW CAB,PICKUP TRUCK - STANDARD,3.7,5,A4,X,15.2,11,13.3,21,306
2007,GMC,CANYON CREW CAB 4X4,PICKUP TRUCK - STANDARD,3.7,5,A4,X,16.1,11.5,14,20,322
2007,GMC,ENVOY,SUV,4.2,6,A4,X,16.5,11.5,14.3,20,329
2007,GMC,ENVOY,SUV,5.3,8,A4,X,16.5,11.5,14.3,20,329
2007,GMC,ENVOY 4X4,SUV,4.2,6,A4,X,17,11.9,14.7,19,338
2007,GMC,ENVOY 4X4,SUV,5.3,8,A4,X,17.1,12,14.8,19,340
2007,GMC,SAVANA CARGO,VAN - CARGO,4.3,6,A4,X,17.8,13.6,15.9,18,366
2007,GMC,SAVANA CARGO,VAN - CARGO,5.3,8,A4,X,16.4,12.2,14.5,19,334
2007,GMC,SAVANA CARGO AWD,VAN - CARGO,5.3,8,A4,X,17.7,13.3,15.7,18,361
2007,GMC,SAVANA CARGO AWD FFV,VAN - CARGO,5.3,8,A4,X,17.9,14.1,16.2,17,373
2007,GMC,SAVANA CARGO AWD FFV,VAN - CARGO,5.3,8,A4,E,23.5,18.4,21.2,13,339
2007,GMC,SAVANA CARGO CONV,VAN - CARGO,5.3,8,A4,X,18.1,13.7,16.1,18,370
2007,GMC,SAVANA CARGO CONV AWD,VAN - CARGO,5.3,8,A4,X,19,14.9,17.2,16,396
2007,GMC,SAVANA CARGO CONV AWD FFV,VAN - CARGO,5.3,8,A4,X,19.1,14.9,17.2,16,396
2007,GMC,SAVANA CARGO CONV AWD FFV,VAN - CARGO,5.3,8,A4,E,25,20.1,22.8,12,365
2007,GMC,SAVANA CARGO CONV FFV,VAN - CARGO,5.3,8,A4,X,18.6,14.1,16.6,17,382
2007,GMC,SAVANA CARGO CONV FFV,VAN - CARGO,5.3,8,A4,E,24.6,19,22.1,13,354
2007,GMC,SAVANA CARGO FFV,VAN - CARGO,5.3,8,A4,X,16.9,12.3,14.9,19,343
2007,GMC,SAVANA CARGO FFV,VAN - CARGO,5.3,8,A4,E,22.1,16.1,19.4,15,310
2007,GMC,SAVANA PASSENGER,VAN - PASSENGER,5.3,8,A4,X,18.1,13.7,16.1,18,370
2007,GMC,SAVANA PASSENGER AWD,VAN - PASSENGER,5.3,8,A4,X,19,14.9,17.2,16,396
2007,GMC,SAVANA PASSENGER AWD FFV,VAN - PASSENGER,5.3,8,A4,X,19.1,14.9,17.2,16,396
2007,GMC,SAVANA PASSENGER AWD FFV,VAN - PASSENGER,5.3,8,A4,E,25,20.1,22.8,12,365
2007,GMC,SAVANA PASSENGER FFV,VAN - PASSENGER,5.3,8,A4,X,18.6,14.1,16.6,17,382
2007,GMC,SAVANA PASSENGER FFV,VAN - PASSENGER,5.3,8,A4,E,24.6,19,22.1,13,354
2007,GMC,SIERRA,PICKUP TRUCK - STANDARD,4.3,6,A4,X,15.7,12,14.1,20,324
2007,GMC,SIERRA,PICKUP TRUCK - STANDARD,4.8,8,A4,X,16.5,12.5,14.7,19,338
2007,GMC,SIERRA,PICKUP TRUCK - STANDARD,5.3,8,A4,X,16,11.7,14,20,322
2007,GMC,SIERRA,PICKUP TRUCK - STANDARD,6,8,A4,X,17.4,13.1,15.5,18,357
2007,GMC,SIERRA 4X4,PICKUP TRUCK - STANDARD,4.3,6,A4,X,16.7,13.3,15.2,19,350
2007,GMC,SIERRA 4X4,PICKUP TRUCK - STANDARD,4.8,8,A4,X,17.4,13.5,15.7,18,361
2007,GMC,SIERRA 4X4,PICKUP TRUCK - STANDARD,5.3,8,A4,X,16.7,12.5,14.8,19,340
2007,GMC,SIERRA 4X4,PICKUP TRUCK - STANDARD,6,8,A4,X,18.1,13.7,16.1,18,370
2007,GMC,SIERRA 4X4 FFV,PICKUP TRUCK - STANDARD,5.3,8,A4,X,16.8,12.7,15,19,345
2007,GMC,SIERRA 4X4 FFV,PICKUP TRUCK - STANDARD,5.3,8,A4,E,22.3,16.9,19.9,14,318
2007,GMC,SIERRA CLASSIC,PICKUP TRUCK - STANDARD,4.3,6,A4,X,15.5,11.9,13.9,20,320
2007,GMC,SIERRA CLASSIC,PICKUP TRUCK - STANDARD,4.3,6,M5,X,16.1,11.2,13.9,20,320
2007,GMC,SIERRA CLASSIC,PICKUP TRUCK - STANDARD,4.8,8,A4,X,16,12.1,14.2,20,327
2007,GMC,SIERRA CLASSIC,PICKUP TRUCK - STANDARD,5.3,8,A4,X,16.3,12.2,14.5,19,334
2007,GMC,SIERRA CLASSIC,PICKUP TRUCK - STANDARD,6,8,A4,Z,18,13.6,16,18,368
2007,GMC,SIERRA CLASSIC 4X4,PICKUP TRUCK - STANDARD,4.3,6,A4,X,16.7,13.4,15.2,19,350
2007,GMC,SIERRA CLASSIC 4X4,PICKUP TRUCK - STANDARD,4.3,6,M5,X,17.1,12.6,15.1,19,347
2007,GMC,SIERRA CLASSIC 4X4,PICKUP TRUCK - STANDARD,4.8,8,A4,X,17.1,13.5,15.5,18,357
2007,GMC,SIERRA CLASSIC 4X4,PICKUP TRUCK - STANDARD,5.3,8,A4,X,17.7,13.3,15.7,18,361
2007,GMC,SIERRA CLASSIC 4X4,PICKUP TRUCK - STANDARD,6,8,A4,Z,18.8,15,17.1,17,393
2007,GMC,SIERRA CLASSIC 4X4 FFV,PICKUP TRUCK - STANDARD,5.3,8,A4,X,17.7,13.8,15.9,18,366
2007,GMC,SIERRA CLASSIC 4X4 FFV,PICKUP TRUCK - STANDARD,5.3,8,A4,E,23.2,18.2,20.9,14,334
2007,GMC,SIERRA CLASSIC FFV,PICKUP TRUCK - STANDARD,5.3,8,A4,X,16.8,12.2,14.7,19,338
2007,GMC,SIERRA CLASSIC FFV,PICKUP TRUCK - STANDARD,5.3,8,A4,E,21.9,16,19.3,15,309
2007,GMC,SIERRA DENALI AWD,PICKUP TRUCK - STANDARD,6.2,8,A6,Z,19.6,12.7,16.5,17,380
2007,GMC,SIERRA DENALI CLASSIC AWD,PICKUP TRUCK - STANDARD,6,8,A4,Z,18.8,15,17.1,17,393
2007,GMC,SIERRA FFV,PICKUP TRUCK - STANDARD,5.3,8,A4,X,16,11.8,14.1,20,324
2007,GMC,SIERRA FFV,PICKUP TRUCK - STANDARD,5.3,8,A4,E,21.3,15.7,18.7,15,299
2007,GMC,SIERRA HYBRID CLASSIC,PICKUP TRUCK - STANDARD,5.3,8,A4,X,14.8,12.2,13.6,21,313
2007,GMC,SIERRA HYBRID CLASSIC 4X4,PICKUP TRUCK - STANDARD,5.3,8,A4,X,16,13.3,14.7,19,338
2007,GMC,YUKON,SUV,4.8,8,A4,X,17.3,12.5,15.1,19,347
2007,GMC,YUKON,SUV,5.3,8,A4,X,16.4,11.5,14.2,20,327
2007,GMC,YUKON 4X4 FFV,SUV,5.3,8,A4,X,17.1,12.2,14.9,19,343
2007,GMC,YUKON 4X4 FFV,SUV,5.3,8,A4,E,22.7,16.3,19.8,14,317
2007,GMC,YUKON DENALI AWD,SUV,6.2,8,A6,Z,19.6,12.7,16.5,17,380
2007,GMC,YUKON FFV,SUV,5.3,8,A4,X,16.7,11.9,14.5,19,334
2007,GMC,YUKON FFV,SUV,5.3,8,A4,E,22.3,15.9,19.4,15,310
2007,GMC,YUKON XL,SUV,5.3,8,A4,X,16.4,11.5,14.2,20,327
2007,GMC,YUKON XL,SUV,6,8,A4,X,18.1,13.4,16,18,368
2007,GMC,YUKON XL 4X4,SUV,6,8,A4,X,18.3,13.7,16.2,17,373
2007,GMC,YUKON XL 4X4 FFV,SUV,5.3,8,A4,X,17.1,12.2,14.9,19,343
2007,GMC,YUKON XL 4X4 FFV,SUV,5.3,8,A4,E,22.7,16.3,19.8,14,317
2007,GMC,YUKON XL FFV,SUV,5.3,8,A4,X,16.7,11.9,14.5,19,334
2007,GMC,YUKON XL FFV,SUV,5.3,8,A4,E,22.3,15.9,19.4,15,310
2007,HONDA,ACCORD,MID-SIZE,2.4,4,A5,X,11.1,7.5,9.5,30,219
2007,HONDA,ACCORD,MID-SIZE,2.4,4,M5,X,10.4,7.6,9.2,31,212
2007,HONDA,ACCORD,MID-SIZE,3,6,A5,X,13,8.9,11.2,25,258
2007,HONDA,ACCORD,MID-SIZE,3,6,M6,X,12.9,8.6,10.9,26,251
2007,HONDA,ACCORD HYBRID,MID-SIZE,3,6,A5,X,9.5,7.3,8.5,33,196
2007,HONDA,CIVIC,SUBCOMPACT,1.8,4,A5,X,9.5,6.8,8.3,34,191
2007,HONDA,CIVIC,SUBCOMPACT,1.8,4,M5,X,9.1,6.8,8.1,35,186
2007,HONDA,CIVIC,SUBCOMPACT,2,4,M6,Z,11.6,8.1,10,28,230
2007,HONDA,CIVIC HYBRID,COMPACT,1.3,4,AV,X,5.8,5.2,5.5,51,127
2007,HONDA,CR-V,SUV,2.4,4,A5,X,11.6,8.7,10.3,27,237
2007,HONDA,CR-V AWD,SUV,2.4,4,A5,X,12.1,9.3,10.8,26,248
2007,HONDA,ELEMENT,SUV,2.4,4,A5,X,11.9,9.6,10.9,26,251
2007,HONDA,ELEMENT,SUV,2.4,4,M5,X,12.8,10.3,11.7,24,269
2007,HONDA,ELEMENT AWD,SUV,2.4,4,A5,X,12.5,9.8,11.3,25,260
2007,HONDA,ELEMENT AWD,SUV,2.4,4,M5,X,12.8,10.4,11.7,24,269
2007,HONDA,FIT,STATION WAGON - SMALL,1.5,4,A5,X,9.1,6.7,8,35,184
2007,HONDA,FIT,STATION WAGON - SMALL,1.5,4,AS5,X,9.3,7,8.2,34,189
2007,HONDA,FIT,STATION WAGON - SMALL,1.5,4,M5,X,8.5,7,7.8,36,179
2007,HONDA,ODYSSEY,MINIVAN,3.5,6,A5,X,14.3,9.7,12.2,23,281
2007,HONDA,ODYSSEY,MINIVAN,3.5,6,A5,X,14.9,10.1,12.7,22,292
2007,HONDA,PILOT,SUV,3.5,6,A5,X,14.9,10.5,12.9,22,297
2007,HONDA,PILOT AWD,SUV,3.5,6,A5,X,15.7,11.4,13.8,20,317
2007,HONDA,RIDGELINE AWD,PICKUP TRUCK - STANDARD,3.5,6,A5,X,16.1,11.9,14.2,20,327
2007,HONDA,S2000,TWO-SEATER,2.2,4,M6,Z,13.3,9.9,11.8,24,271
2007,HUMMER,H3 4X4,SUV,3.7,5,A4,X,17.4,13.5,15.7,18,361
2007,HUMMER,H3 4X4,SUV,3.7,5,M5,X,18.1,13.1,15.9,18,366
2007,HYUNDAI,ACCENT,COMPACT,1.6,4,A4,X,9.8,7.2,8.6,33,198
2007,HYUNDAI,ACCENT,COMPACT,1.6,4,M5,X,8.6,7.5,8.1,35,186
2007,HYUNDAI,AZERA,FULL-SIZE,3.8,6,A5,X,13.7,9.3,11.7,24,269
2007,HYUNDAI,ELANTRA,MID-SIZE,2,4,A4,X,9.5,7.2,8.4,34,193
2007,HYUNDAI,ELANTRA,MID-SIZE,2,4,M5,X,9.7,7.2,8.6,33,198
2007,HYUNDAI,ENTOURAGE,MINIVAN,3.8,6,A5,X,14.8,10.4,12.8,22,294
2007,HYUNDAI,SANTA FE,SUV,2.7,6,A4,X,12.8,9.9,11.5,25,265
2007,HYUNDAI,SANTA FE,SUV,2.7,6,M5,X,13.4,10.2,12,24,276
2007,HYUNDAI,SANTA FE,SUV,3.3,6,A5,X,13.7,10.4,12.2,23,281
2007,HYUNDAI,SANTA FE 4X4,SUV,3.3,6,A5,X,14.2,10.6,12.6,22,290
2007,HYUNDAI,SONATA,FULL-SIZE,2.4,4,A4,X,11.3,7.8,9.7,29,223
2007,HYUNDAI,SONATA,FULL-SIZE,2.4,4,M5,X,11,7.5,9.4,30,216
2007,HYUNDAI,SONATA,FULL-SIZE,3.3,6,A5,X,13,8.6,11,26,253
2007,HYUNDAI,TIBURON,SUBCOMPACT,2,4,A4,X,12,8.6,10.5,27,242
2007,HYUNDAI,TIBURON,SUBCOMPACT,2,4,M5,X,11.6,8.5,10.2,28,235
2007,HYUNDAI,TIBURON,SUBCOMPACT,2.7,4,A4,X,13.8,9.8,12,24,276
2007,HYUNDAI,TIBURON,SUBCOMPACT,2.7,4,M5,X,13.7,9.6,11.9,24,274
2007,HYUNDAI,TIBURON,SUBCOMPACT,2.7,4,M6,X,14.3,9.7,12.2,23,281
2007,HYUNDAI,TUCSON,SUV,2,4,A4,X,12.1,9.5,10.9,26,251
2007,HYUNDAI,TUCSON,SUV,2,4,M5,X,11.8,9.3,10.7,26,246
2007,HYUNDAI,TUCSON,SUV,2.7,6,A4,X,13.4,9.9,11.8,24,271
2007,HYUNDAI,TUCSON 4X4,SUV,2.7,6,A4,X,13.8,10.4,12.3,23,283
2007,HYUNDAI,VERACRUZ 4X4,SUV,3.8,6,A6,X,15.5,10.6,13.3,21,306
2007,INFINITI,FX35 AWD,SUV,3.5,6,AS5,Z,16.1,11.7,14.1,20,324
2007,INFINITI,FX45 AWD,SUV,4.5,8,AS5,Z,18.2,13.7,16.2,17,373
2007,INFINITI,G35,MID-SIZE,3.5,6,AS5,Z,13.7,9.9,12,24,276
2007,INFINITI,G35,MID-SIZE,3.5,6,M6,Z,13.7,9.5,11.8,24,271
2007,INFINITI,G35 COUPE,SUBCOMPACT,3.5,6,AS5,Z,14.5,10.3,12.6,22,290
2007,INFINITI,G35 COUPE,SUBCOMPACT,3.5,6,M6,Z,13.6,10.1,12,24,276
2007,INFINITI,G35X AWD,MID-SIZE,3.5,6,AS5,Z,14.2,10.2,12.4,23,285
2007,INFINITI,M35,FULL-SIZE,3.5,6,AS5,Z,14.8,10.2,12.7,22,292
2007,INFINITI,M35X AWD,FULL-SIZE,3.5,6,AS5,Z,15.1,10.7,13.1,22,301
2007,INFINITI,M45,FULL-SIZE,4.5,8,AS5,Z,15.1,11.1,13.3,21,306
2007,INFINITI,QX56 4X4,SUV,5.6,8,A5,Z,19.9,14.1,17.3,16,398
2007,JAGUAR,S-TYPE 3.0,MID-SIZE,3,6,A6,Z,13.9,9.3,11.8,24,271
2007,JAGUAR,S-TYPE 4.2,MID-SIZE,4.2,8,A6,Z,14.6,9.8,12.4,23,285
2007,JAGUAR,S-TYPE R #,MID-SIZE,4.2,8,A6,Z,15.5,10.9,13.4,21,308
2007,JAGUAR,SUPER V8 #,FULL-SIZE,4.2,8,A6,Z,15.5,10.7,13.4,21,308
2007,JAGUAR,VANDEN PLAS,FULL-SIZE,4.2,8,A6,Z,14.6,9.6,12.3,23,283
2007,JAGUAR,XJ8,COMPACT,4.2,8,A6,Z,14.4,9.5,12.2,23,281
2007,JAGUAR,XJ8L,FULL-SIZE,4.2,8,A6,Z,14.4,9.5,12.2,23,281
2007,JAGUAR,XJR #,COMPACT,4.2,8,A6,Z,15.5,10.7,13.4,21,308
2007,JAGUAR,XK,MINICOMPACT,4.2,8,A6,Z,14.7,9.5,12.3,23,283
2007,JAGUAR,XK CONVERTIBLE,MINICOMPACT,4.2,8,A6,Z,14.7,9.5,12.3,23,283
2007,JAGUAR,XKR #,MINICOMPACT,4.2,8,A6,Z,15.3,10.4,13.1,22,301
2007,JAGUAR,XKR CONVERTIBLE #,MINICOMPACT,4.2,8,A6,Z,15.3,10.4,13.1,22,301
2007,JAGUAR,X-TYPE,SUBCOMPACT,3,6,A5,Z,14.8,10.6,12.9,22,297
2007,JAGUAR,X-TYPE SPORT BRAKE,STATION WAGON - SMALL,3,6,A5,Z,14.9,10.5,12.9,22,297
2007,JEEP,COMMANDER 4X4,SUV,3.7,6,A5,X,16.5,12.8,14.8,19,340
2007,JEEP,COMMANDER 4X4 (MDS),SUV,5.7,8,A5,X,18.3,13.1,16,18,368
2007,JEEP,COMMANDER 4X4 FFV,SUV,4.7,8,A5,X,17.3,12.6,15.2,19,350
2007,JEEP,COMMANDER 4X4 FFV,SUV,4.7,8,A5,E,26.7,18.6,23.1,12,370
2007,JEEP,COMPASS,SUV,2,4,AV,X,10.3,8.7,9.6,29,221
2007,JEEP,COMPASS,SUV,2.4,4,AV,X,11.1,9.5,10.4,27,239
2007,JEEP,COMPASS,SUV,2.4,4,M5,X,10.3,8.6,9.5,30,219
2007,JEEP,COMPASS 4X4,SUV,2.4,4,AV,X,11.3,9.7,10.6,27,244
2007,JEEP,COMPASS 4X4,SUV,2.4,4,M5,X,10.6,8.8,9.8,29,225
2007,JEEP,GRAND CHEROKEE 4X4,SUV,3.7,6,A5,X,15.9,12,14.1,20,324
2007,JEEP,GRAND CHEROKEE 4X4 (MDS),SUV,5.7,8,A5,X,18.3,13.1,16,18,368
2007,JEEP,GRAND CHEROKEE 4X4 CRD TURBO DIESEL,SUV,3,6,A5,D,13.5,10.6,12.2,23,329
2007,JEEP,GRAND CHEROKEE 4X4 FFV,SUV,4.7,8,A5,X,17.3,12.6,15.2,19,350
2007,JEEP,GRAND CHEROKEE 4X4 FFV,SUV,4.7,8,A5,E,26.7,18.6,23.1,12,370
2007,JEEP,GRAND CHEROKEE 4X4 SRT8,SUV,6.1,8,A5,Z,21.1,16.7,19.1,15,439
2007,JEEP,LIBERTY 4X4,SUV,3.7,6,A4,X,15.6,11.7,13.8,20,317
2007,JEEP,LIBERTY 4X4,SUV,3.7,6,M6,X,15,11.8,13.5,21,311
2007,JEEP,PATRIOT,SUV,2,4,AV,X,10.3,8.7,9.6,29,221
2007,JEEP,PATRIOT,SUV,2.4,4,AV,X,11.1,9.5,10.4,27,239
2007,JEEP,PATRIOT,SUV,2.4,4,M5,X,10.3,8.6,9.5,30,219
2007,JEEP,PATRIOT 4X4,SUV,2.4,4,AV,X,11.3,9.7,10.6,27,244
2007,JEEP,PATRIOT 4X4,SUV,2.4,4,M5,X,10.6,8.8,9.8,29,225
2007,JEEP,PATRIOT 4X4 TRAIL RATED,SUV,2.4,4,AV,X,12,11.1,11.6,24,267
2007,JEEP,WRANGLER 4X4,SUV,3.8,6,A4,X,16.5,13.1,15,19,345
2007,JEEP,WRANGLER 4X4,SUV,3.8,6,M6,X,16.1,13,14.7,19,338
2007,JEEP,WRANGLER UNLIMITED 4X4,SUV,3.8,6,A4,X,16.3,13.1,14.9,19,343
2007,JEEP,WRANGLER UNLIMITED 4X4,SUV,3.8,6,M6,X,16.6,13.6,15.2,19,350
2007,KIA,AMANTI,FULL-SIZE,3.8,6,A5,X,14.2,9.7,12.2,23,281
2007,KIA,MAGENTIS,MID-SIZE,2.4,4,A5,X,11.1,7.6,9.5,30,219
2007,KIA,MAGENTIS,MID-SIZE,2.4,4,M5,X,11,7.5,9.4,30,216
2007,KIA,MAGENTIS,MID-SIZE,2.7,6,A5,X,12,8.5,10.4,27,239
2007,KIA,RIO,COMPACT,1.6,4,A4,X,9.4,6.8,8.2,34,189
2007,KIA,RIO,COMPACT,1.6,4,M5,X,8.6,7.4,8.1,35,186
2007,KIA,RONDO,STATION WAGON - MID-SIZE,2.4,4,A4,X,12.5,8.9,10.9,26,251
2007,KIA,RONDO,STATION WAGON - MID-SIZE,2.7,6,A5,X,13.3,9.4,11.5,25,265
2007,KIA,SEDONA,MINIVAN,3.8,6,A5,X,14.8,10.4,12.8,22,294
2007,KIA,SORENTO,SUV,3.8,6,A5,X,15.6,11.3,13.7,21,315
2007,KIA,SORENTO 4X4,SUV,3.8,6,A5,X,15.6,11.5,13.8,20,317
2007,KIA,SPECTRA,MID-SIZE,2,4,A4,X,10,7.4,8.8,32,202
2007,KIA,SPECTRA,MID-SIZE,2,4,M5,X,10.2,7.9,9.2,31,212
2007,KIA,SPORTAGE,SUV,2,4,A4,X,12.1,9.5,10.9,26,251
2007,KIA,SPORTAGE,SUV,2,4,M5,X,11.8,9.3,10.7,26,246
2007,KIA,SPORTAGE,SUV,2.7,6,A4,X,13.6,10.1,12,24,276
2007,KIA,SPORTAGE 4X4,SUV,2,4,M5,X,12.3,9.8,11.2,25,258
2007,KIA,SPORTAGE 4X4,SUV,2.7,6,A4,X,13.9,11.1,12.7,22,292
2007,LAMBORGHINI,GALLARDO,TWO-SEATER,5,10,AS6,Z,21.6,13.7,18,16,414
2007,LAMBORGHINI,GALLARDO,TWO-SEATER,5,10,M6,Z,22.4,14.2,18.7,15,430
2007,LAMBORGHINI,GALLARDO SL,TWO-SEATER,5,10,AS6,Z,21,12.6,17.2,16,396
2007,LAMBORGHINI,GALLARDO SL,TWO-SEATER,5,10,M6,Z,21.8,13,17.9,16,412
2007,LAMBORGHINI,GALLARDO SPYDER,TWO-SEATER,5,10,AS6,Z,22.9,14.7,19.2,15,442
2007,LAMBORGHINI,GALLARDO SPYDER,TWO-SEATER,5,10,M6,Z,23.9,15.2,20,14,460
2007,LAMBORGHINI,MURCIELARGO,TWO-SEATER,6.5,12,AS6,Z,26.3,16.2,21.8,13,501
2007,LAMBORGHINI,MURCIELARGO,TWO-SEATER,6.5,12,M6,Z,28.3,18.4,23.8,12,547
2007,LAND ROVER,LR3 4X4,SUV,4,6,AS6,X,18.9,13.4,16.4,17,377
2007,LAND ROVER,LR3 4X4,SUV,4.4,8,AS6,X,19,13.5,16.5,17,380
2007,LAND ROVER,RANGE ROVER 4X4,SUV,4.4,8,AS6,X,19.3,13.1,16.5,17,380
2007,LAND ROVER,RANGE ROVER 4X4 #,SUV,4.2,8,AS6,X,19.6,13.4,16.8,17,386
2007,LAND ROVER,RANGE ROVER SPORT 4X4,SUV,4.4,8,AS6,X,18.9,12.9,16.2,17,373
2007,LAND ROVER,RANGE ROVER SPORT 4X4 #,SUV,4.2,8,AS6,X,19.6,13.4,16.8,17,386
2007,LEXUS,ES 350,MID-SIZE,3.5,6,AS6,Z,12.3,8.6,10.6,27,244
2007,LEXUS,GS 350,MID-SIZE,3.5,6,AS6,Z,12.5,8.9,10.9,26,251
2007,LEXUS,GS 350 AWD,MID-SIZE,3.5,6,AS6,Z,13.1,9.5,11.5,25,265
2007,LEXUS,GS 430,MID-SIZE,4.3,8,AS6,Z,14.4,10.3,12.5,23,288
2007,LEXUS,GS 450H,COMPACT,3.5,6,AV,Z,10,9.3,9.7,29,223
2007,LEXUS,GX 470,SUV,4.7,8,A5,Z,17,13.4,15.4,18,354
2007,LEXUS,IS 250,SUBCOMPACT,2.5,6,AS6,Z,11.1,8,9.7,29,223
2007,LEXUS,IS 250,SUBCOMPACT,2.5,6,M6,Z,13.1,9,11.3,25,260
2007,LEXUS,IS 250 AWD,SUBCOMPACT,2.5,6,AS6,Z,11.9,9,10.6,27,244
2007,LEXUS,IS 350,SUBCOMPACT,3.5,6,AS6,Z,12.2,9.1,10.8,26,248
2007,LEXUS,LS 460,MID-SIZE,4.6,8,AS8,Z,14.2,9.5,12.1,23,278
2007,LEXUS,LS 460 L,MID-SIZE,4.6,8,AS8,Z,14.5,9.7,12.3,23,283
2007,LEXUS,LX 470,SUV,4.7,8,A5,X,19.4,15.3,17.5,16,403
2007,LEXUS,RX 350 AWD,SUV,3.5,6,A5,Z,13.9,10.6,12.4,23,285
2007,LEXUS,RX 350 AWD,SUV,3.5,6,AS5,Z,13.9,10.6,12.4,23,285
2007,LEXUS,RX 400H AWD,SUV,3.3,6,AV,X,8.9,9.8,9.3,30,214
2007,LEXUS,SC 430,MINICOMPACT,4.3,8,AS6,Z,14.4,10.3,12.5,23,288
2007,LINCOLN,MARK LT 4X4,PICKUP TRUCK - STANDARD,5.4,8,A4,X,18.9,14.4,16.9,17,389
2007,LINCOLN,MKX,SUV,3.5,6,A6,X,14.6,10.1,12.5,23,288
2007,LINCOLN,MKX 4X4,SUV,3.5,6,A6,X,15.1,10.7,13.1,22,301
2007,LINCOLN,MKZ,MID-SIZE,3.5,6,A6,X,14.2,9.5,12.1,23,278
2007,LINCOLN,MKZ AWD,MID-SIZE,3.5,6,A6,X,14.8,9.9,12.6,22,290
2007,LINCOLN,TOWN CAR,FULL-SIZE,4.6,8,A4,X,16,11,13.7,21,315
2007,MASERATI,QUATTROPORTE,FULL-SIZE,4.2,8,AS6,Z,18.7,12.2,15.8,18,363
2007,MAZDA,B2300,PICKUP TRUCK - STANDARD,2.3,4,A5,X,12.7,9.8,11.4,25,262
2007,MAZDA,B2300,PICKUP TRUCK - STANDARD,2.3,4,M5,X,11.3,8.9,10.2,28,235
2007,MAZDA,B3000,PICKUP TRUCK - STANDARD,3,6,A5,X,16.2,12,14.3,20,329
2007,MAZDA,B3000,PICKUP TRUCK - STANDARD,3,6,M5,X,14.7,11.1,13.1,22,301
2007,MAZDA,B4000,PICKUP TRUCK - STANDARD,4,6,A5,X,15.5,12,13.9,20,320
2007,MAZDA,B4000 4X4,PICKUP TRUCK - STANDARD,4,6,A5,X,17.4,13.7,15.8,18,363
2007,MAZDA,B4000 4X4,PICKUP TRUCK - STANDARD,4,6,M5,X,15.9,12.5,14.3,20,329
2007,MAZDA,CX-7 TURBO,SUV,2.3,4,AS6,Z,14.3,10.6,12.6,22,290
2007,MAZDA,CX-7 TURBO,SUV,2.3,4,AS6,Z,14.5,10.9,12.8,22,294
2007,MAZDA,MAZDA3,MID-SIZE,2,4,AS4,X,10.4,7.6,9.2,31,212
2007,MAZDA,MAZDA3,MID-SIZE,2,4,M5,X,9.7,7.3,8.6,33,198
2007,MAZDA,MAZDA3,MID-SIZE,2.3,4,AS5,X,10.8,8.2,9.6,29,221
2007,MAZDA,MAZDA3,MID-SIZE,2.3,4,M5,X,10.5,8,9.4,30,216
2007,MAZDA,MAZDA3 TURBO,MID-SIZE,2.3,4,M6,Z,13.3,9,11.4,25,262
2007,MAZDA,MAZDA5,STATION WAGON - MID-SIZE,2.3,4,AS4,X,12.7,9.8,11.4,25,262
2007,MAZDA,MAZDA5,STATION WAGON - MID-SIZE,2.3,4,M5,X,12,9.5,10.9,26,251
2007,MAZDA,MAZDA6,MID-SIZE,2.3,4,AS5,X,11.4,8.3,10,28,230
2007,MAZDA,MAZDA6,MID-SIZE,2.3,4,M5,X,11.4,8.2,10,28,230
2007,MAZDA,MAZDA6,MID-SIZE,3,6,AS6,X,13.5,9.4,11.6,24,267
2007,MAZDA,MAZDA6,MID-SIZE,3,6,M5,X,13.7,9.6,11.9,24,274
2007,MAZDA,MAZDA6 SPORT WAGON,STATION WAGON - MID-SIZE,3,6,AS6,X,13.5,9.4,11.6,24,267
2007,MAZDA,MAZDA6 SPORT WAGON,STATION WAGON - MID-SIZE,3,6,M5,X,13.7,9.6,11.9,24,274
2007,MAZDA,MAZDA6 TURBO,MID-SIZE,2.3,4,M6,Z,14,10.1,12.2,23,281
2007,MAZDA,MX-5,TWO-SEATER,2,4,AS6,Z,11.9,8.6,10.4,27,239
2007,MAZDA,MX-5,TWO-SEATER,2,4,M5,Z,10.9,8.7,9.9,29,228
2007,MAZDA,MX-5,TWO-SEATER,2,4,M6,Z,11.1,8.6,9.9,29,228
2007,MAZDA,RX-8,SUBCOMPACT,1.3,2,AS6,Z,14.5,10.2,12.5,23,288
2007,MAZDA,RX-8,SUBCOMPACT,1.3,2,M6,Z,14.4,10.9,12.8,22,294
2007,MERCEDES-BENZ,B 200,STATION WAGON - SMALL,2,4,M5,Z,10.5,8,9.4,30,216
2007,MERCEDES-BENZ,B 200 CVT,STATION WAGON - SMALL,2,4,AV,Z,10.5,8.6,9.7,29,223
2007,MERCEDES-BENZ,B 200 CVT TURBO,STATION WAGON - SMALL,2,4,AV,Z,10.9,8.8,9.9,29,228
2007,MERCEDES-BENZ,B 200 TURBO,STATION WAGON - SMALL,2,4,M6,Z,11.6,8.2,10.1,28,232
2007,MERCEDES-BENZ,C 230 SPORT,COMPACT,2.5,6,A7,Z,14.2,10.2,12.4,23,285
2007,MERCEDES-BENZ,C 230 SPORT,COMPACT,2.5,6,M6,Z,14.2,10.2,12.4,23,285
2007,MERCEDES-BENZ,C 280,COMPACT,3,6,A7,Z,12.3,9,10.9,26,251
2007,MERCEDES-BENZ,C 280 4-MATIC,COMPACT,3,6,A5,Z,13.6,9.7,11.9,24,274
2007,MERCEDES-BENZ,C 350 4-MATIC,COMPACT,3.5,6,A5,Z,14,10.7,12.6,22,290
2007,MERCEDES-BENZ,C 350 SPORT,COMPACT,3.5,6,A7,Z,13.2,8.9,11.3,25,260
2007,MERCEDES-BENZ,C 350 SPORT,COMPACT,3.5,6,M6,Z,13.4,9.1,11.5,25,265
2007,MERCEDES-BENZ,CL 550,COMPACT,5.5,8,A7,Z,17.1,11.4,14.6,19,336
2007,MERCEDES-BENZ,CL 600 TURBO,COMPACT,6,12,A5,Z,20.3,13.5,17.2,16,396
2007,MERCEDES-BENZ,CLK 350 CABRIOLET,SUBCOMPACT,3.5,6,A7,Z,13.8,9.3,11.8,24,271
2007,MERCEDES-BENZ,CLK 350 COUPE,SUBCOMPACT,3.5,6,A7,Z,13.8,9.3,11.8,24,271
2007,MERCEDES-BENZ,CLK 550 CABRIOLET,SUBCOMPACT,5.5,8,A7,Z,16.2,10.9,13.8,20,317
2007,MERCEDES-BENZ,CLK 550 COUPE,SUBCOMPACT,5.5,8,A7,Z,16,10.9,13.7,21,315
2007,MERCEDES-BENZ,CLK 63 AMG CABRIOLET,SUBCOMPACT,6.2,8,AS7,Z,20.3,12.9,17,17,391
2007,MERCEDES-BENZ,CLS 550,COMPACT,5.5,8,A7,Z,17.3,11.7,14.8,19,340
2007,MERCEDES-BENZ,CLS 63 AMG #,COMPACT,6.2,8,AS7,Z,19.5,13,16.6,17,382
2007,MERCEDES-BENZ,E 280 4-MATIC,MID-SIZE,3,6,A5,Z,14.6,10.7,12.9,22,297
2007,MERCEDES-BENZ,E 320 CDI TURBO,MID-SIZE,3,6,A7,D,10.3,7.1,8.9,32,240
2007,MERCEDES-BENZ,E 350 4-MATIC,MID-SIZE,3.5,6,A5,Z,14.5,10.4,12.6,22,290
2007,MERCEDES-BENZ,E 350 4-MATIC WAGON,STATION WAGON - MID-SIZE,3.5,6,A5,Z,14.8,10.9,13,22,299
2007,MERCEDES-BENZ,E 550 4-MATIC,MID-SIZE,5.5,8,A5,Z,17.3,11.8,14.8,19,340
2007,MERCEDES-BENZ,E 63 AMG #,MID-SIZE,6.2,8,A7,Z,19,12.7,16.2,17,373
2007,MERCEDES-BENZ,E 63 AMG WAGON #,STATION WAGON - MID-SIZE,5.5,8,A7,Z,19.3,13,16.5,17,380
2007,MERCEDES-BENZ,GL 320 CDI,SUV,3,6,A7,D,13.1,10.1,11.7,24,316
2007,MERCEDES-BENZ,GL 450,SUV,4.6,8,A7,Z,18.1,13.7,16.1,18,370
2007,MERCEDES-BENZ,MAYBACH 57S TURBO,FULL-SIZE,5.5,12,A5,Z,23.3,15.1,19.6,14,451
2007,MERCEDES-BENZ,MAYBACH 62 TURBO,FULL-SIZE,5.5,12,A5,Z,22.4,14.9,19,15,437
2007,MERCEDES-BENZ,ML 320 CDI,SUV,3,6,A7,D,12.5,9.6,11.2,25,302
2007,MERCEDES-BENZ,ML 350,SUV,3.5,6,A7,Z,15.7,11.9,14,20,322
2007,MERCEDES-BENZ,ML 500,SUV,5,8,A7,Z,18.5,13.6,16.3,17,375
2007,MERCEDES-BENZ,ML 63 AMG,SUV,6.2,8,A7,Z,22.1,16.2,19.5,14,449
2007,MERCEDES-BENZ,R 320 CDI,SUV,3,6,A7,D,12.7,9.1,11.1,25,300
2007,MERCEDES-BENZ,R 350,SUV,3.5,6,A7,Z,16.1,12,14.2,20,327
2007,MERCEDES-BENZ,R 500,SUV,5,8,A7,Z,19.4,13.4,16.7,17,384
2007,MERCEDES-BENZ,R 63 AMG,SUV,6.2,8,A7,Z,22.2,15.7,19.3,15,444
2007,MERCEDES-BENZ,S 550V,FULL-SIZE,5.5,8,A7,Z,16.7,10.9,14.1,20,324
2007,MERCEDES-BENZ,S 550V 4-MATIC,FULL-SIZE,5.5,8,A7,Z,16.9,11.3,14.4,20,331
2007,MERCEDES-BENZ,S 600V,FULL-SIZE,6,12,A5,Z,20.3,13.3,17.1,17,393
2007,MERCEDES-BENZ,S 65 AMG,FULL-SIZE,6,12,A5,Z,20.7,12.9,17.2,16,396
2007,MERCEDES-BENZ,SL 55 AMG #,TWO-SEATER,5.4,8,AS5,Z,19.3,13.5,16.7,17,384
2007,MERCEDES-BENZ,SL 550,TWO-SEATER,5.5,8,A7,Z,18.3,11.4,15.2,19,350
2007,MERCEDES-BENZ,SL 600 TURBO,TWO-SEATER,6,12,A5,Z,20.4,13.5,17.3,16,398
2007,MERCEDES-BENZ,SL 65 AMG TURBO,TWO-SEATER,6,12,AS5,Z,20.4,13.3,17.2,16,396
2007,MERCEDES-BENZ,SLK 280,TWO-SEATER,3,6,A7,Z,13.4,9.6,11.7,24,269
2007,MERCEDES-BENZ,SLK 280,TWO-SEATER,3,6,M6,Z,13.5,9.5,11.7,24,269
2007,MERCEDES-BENZ,SLK 350,TWO-SEATER,3.5,6,A7,Z,13.8,10.2,12.2,23,281
2007,MERCEDES-BENZ,SLK 350,TWO-SEATER,3.5,6,M6,Z,14.4,10.2,12.5,23,288
2007,MERCEDES-BENZ,SLK 55 AMG,TWO-SEATER,5.5,8,AS7,Z,16.7,11.5,14.4,20,331
2007,MERCEDES-BENZ,SLR #,TWO-SEATER,5.4,8,AS5,Z,20.7,14.5,17.9,16,412
2007,MINI,COOPER,MINICOMPACT,1.6,4,A6,Z,9.1,7.1,8.2,34,189
2007,MINI,COOPER,MINICOMPACT,1.6,4,M6,Z,8.5,6.5,7.6,37,175
2007,MINI,COOPER CONVERTIBLE,MINICOMPACT,1.6,4,AV,Z,10.5,7.9,9.3,30,214
2007,MINI,COOPER CONVERTIBLE,MINICOMPACT,1.6,4,M5,Z,10.3,7.4,9,31,207
2007,MINI,COOPER S,MINICOMPACT,1.6,4,A6,Z,10.2,7.4,9,31,207
2007,MINI,COOPER S,MINICOMPACT,1.6,4,M6,Z,9.3,7.2,8.3,34,191
2007,MINI,COOPER S CONVERTIBLE,MINICOMPACT,1.6,4,A6,Z,12.1,8.3,10.4,27,239
2007,MINI,COOPER S CONVERTIBLE,MINICOMPACT,1.6,4,M6,Z,11.2,8.3,9.9,29,228
2007,MITSUBISHI,ECLIPSE,SUBCOMPACT,2.4,4,AS4,X,11.8,8.9,10.5,27,242
2007,MITSUBISHI,ECLIPSE,SUBCOMPACT,2.4,4,M5,X,12,8.7,10.5,27,242
2007,MITSUBISHI,ECLIPSE,SUBCOMPACT,3.8,6,AS5,Z,14.2,9.4,12,24,276
2007,MITSUBISHI,ECLIPSE,SUBCOMPACT,3.8,6,M6,Z,14.9,9.7,12.6,22,290
2007,MITSUBISHI,ECLIPSE SPYDER,MINICOMPACT,2.4,4,AS4,X,12.2,9,10.8,26,248
2007,MITSUBISHI,ECLIPSE SPYDER,MINICOMPACT,2.4,4,M5,X,12,8.7,10.5,27,242
2007,MITSUBISHI,ECLIPSE SPYDER,MINICOMPACT,3.8,6,AS5,Z,14.2,9.4,12,24,276
2007,MITSUBISHI,ECLIPSE SPYDER,MINICOMPACT,3.8,6,M6,Z,14.9,9.7,12.6,22,290
2007,MITSUBISHI,ENDEAVOR,SUV,3.8,6,AS4,Z,15.2,10.7,13.2,21,304
2007,MITSUBISHI,ENDEAVOR 4X4,SUV,3.8,6,AS4,Z,15.6,11.9,14,20,322
2007,MITSUBISHI,GALANT,MID-SIZE,2.4,4,AS4,X,11.8,8.9,10.5,27,242
2007,MITSUBISHI,GALANT,MID-SIZE,3.8,6,AS5,Z,14.2,9.4,12,24,276
2007,MITSUBISHI,GALANT,MID-SIZE,3.8,6,AS5,Z,14.4,9.5,12.2,23,281
2007,MITSUBISHI,OUTLANDER,SUV,3,6,AS6,X,13.5,9.6,11.8,24,271
2007,MITSUBISHI,OUTLANDER 4X4,SUV,3,6,AS6,X,13.7,10.1,12.1,23,278
2007,NISSAN,ALTIMA,MID-SIZE,2.5,4,AV,X,10.2,7.5,9,31,207
2007,NISSAN,ALTIMA,MID-SIZE,2.5,4,M6,X,10.2,7.3,8.9,32,205
2007,NISSAN,ALTIMA,MID-SIZE,3.5,6,AV,Z,12,9.1,10.7,26,246
2007,NISSAN,ALTIMA,MID-SIZE,3.5,6,M6,Z,12.8,8.7,10.9,26,251
2007,NISSAN,ALTIMA HYBRID,MID-SIZE,2.5,4,AV,X,6.7,7.1,6.9,41,159
2007,NISSAN,ARMADA 4X4,SUV,5.6,8,A5,X,19.7,13.9,17.1,17,393
2007,NISSAN,FRONTIER,PICKUP TRUCK - STANDARD,2.5,4,A5,X,14.2,10.9,12.7,22,292
2007,NISSAN,FRONTIER,PICKUP TRUCK - STANDARD,2.5,4,M5,X,12.1,10.3,11.3,25,260
2007,NISSAN,FRONTIER V6,PICKUP TRUCK - STANDARD,4,6,A5,X,16.2,12,14.3,20,329
2007,NISSAN,FRONTIER V6,PICKUP TRUCK - STANDARD,4,6,M6,X,15.1,11.9,13.7,21,315
2007,NISSAN,FRONTIER V6 4X4,PICKUP TRUCK - STANDARD,4,6,A5,X,16.6,12.5,14.7,19,338
2007,NISSAN,FRONTIER V6 4X4,PICKUP TRUCK - STANDARD,4,6,M6,X,15.4,12.2,14,20,322
2007,NISSAN,MAXIMA,MID-SIZE,3.5,6,AV,Z,12.6,9.3,11.1,25,255
2007,NISSAN,MURANO,SUV,3.5,6,AV,Z,13.2,10.2,11.8,24,271
2007,NISSAN,MURANO AWD,SUV,3.5,6,AV,Z,13.6,10.5,12.2,23,281
2007,NISSAN,PATHFINDER 4X4,SUV,4,6,A5,Z,17,12.2,14.9,19,343
2007,NISSAN,QUEST,MINIVAN,3.5,6,A5,Z,14.5,10.1,12.5,23,288
2007,NISSAN,SENTRA,MID-SIZE,2,4,AV,X,9.5,7.2,8.4,34,193
2007,NISSAN,SENTRA,MID-SIZE,2,4,M6,X,9.6,7.6,8.7,32,200
2007,NISSAN,TITAN,PICKUP TRUCK - STANDARD,5.6,8,A5,X,18.7,13.5,16.4,17,377
2007,NISSAN,TITAN 4X4,PICKUP TRUCK - STANDARD,5.6,8,A5,X,19.6,14.2,17.1,17,393
2007,NISSAN,VERSA,MID-SIZE,1.8,4,A4,X,9.8,7.4,8.7,32,200
2007,NISSAN,VERSA,MID-SIZE,1.8,4,AV,X,9.2,7.3,8.3,34,191
2007,NISSAN,VERSA,MID-SIZE,1.8,4,M6,X,9.2,7.5,8.4,34,193
2007,NISSAN,XTERRA 4X4,SUV,4,6,A5,X,16.4,12.1,14.5,19,334
2007,NISSAN,XTERRA 4X4,SUV,4,6,M6,X,15.1,11.9,13.7,21,315
2007,PONTIAC,G5,SUBCOMPACT,2.2,4,A4,X,11,7.9,9.6,29,221
2007,PONTIAC,G5,SUBCOMPACT,2.2,4,M5,X,10.5,7.1,9,31,207
2007,PONTIAC,G5,SUBCOMPACT,2.4,4,A4,Z,10.8,8,9.5,30,219
2007,PONTIAC,G5,SUBCOMPACT,2.4,4,M5,Z,10.8,7.5,9.3,30,214
2007,PONTIAC,G6,COMPACT,2.4,4,A4,X,11.6,7.9,9.9,29,228
2007,PONTIAC,G6,COMPACT,3.5,6,A4,X,13,8.6,11,26,253
2007,PONTIAC,G6,COMPACT,3.5,6,AS4,X,13.4,9,11.4,25,262
2007,PONTIAC,G6,COMPACT,3.6,6,AS6,X,13.4,9,11.4,25,262
2007,PONTIAC,G6,COMPACT,3.9,6,M6,X,14.6,9.4,12.2,23,281
2007,PONTIAC,G6 CONVERTIBLE,COMPACT,3.5,6,AS4,X,13.4,9,11.4,25,262
2007,PONTIAC,G6 CONVERTIBLE,COMPACT,3.9,6,AS4,X,15.2,10.5,13.1,22,301
2007,PONTIAC,GRAND PRIX,MID-SIZE,3.8,6,A4,X,13.3,8.5,11.1,25,255
2007,PONTIAC,GRAND PRIX,MID-SIZE,5.3,8,AS4,Z,14.5,9.3,12.1,23,278
2007,PONTIAC,GRAND PRIX #,MID-SIZE,3.8,6,A4,X,14.2,9,11.8,24,271
2007,PONTIAC,GRAND PRIX #,MID-SIZE,3.8,6,AS4,X,14.3,9.1,12,24,276
2007,PONTIAC,MONTANA SV6,MINIVAN,3.9,6,A4,X,14.7,10.1,12.6,22,290
2007,PONTIAC,MONTANA SV6 FFV,MINIVAN,3.9,6,A4,X,14.8,10.1,12.7,22,292
2007,PONTIAC,MONTANA SV6 FFV,MINIVAN,3.9,6,A4,E,19.7,13.5,16.9,17,270
2007,PONTIAC,SOLSTICE,TWO-SEATER,2.4,4,A5,Z,12.2,9.8,11.2,25,258
2007,PONTIAC,SOLSTICE,TWO-SEATER,2.4,4,M5,Z,13.4,9,11.4,25,262
2007,PONTIAC,SOLSTICE TURBO,TWO-SEATER,2,4,A5,Z,12.7,8.9,11,26,253
2007,PONTIAC,SOLSTICE TURBO,TWO-SEATER,2,4,M5,Z,12.2,8.3,10.5,27,242
2007,PONTIAC,TORRENT,SUV,3.4,6,A5,X,13.7,9.8,12,24,276
2007,PONTIAC,TORRENT AWD,SUV,3.4,6,A5,X,14.2,10.2,12.4,23,285
2007,PONTIAC,VIBE,STATION WAGON - SMALL,1.8,4,A4,X,9.5,7.5,8.6,33,198
2007,PONTIAC,VIBE,STATION WAGON - SMALL,1.8,4,M5,X,9.2,7.1,8.2,34,189
2007,PONTIAC,WAVE,COMPACT,1.6,4,A4,X,10.4,7.5,9.1,31,209
2007,PONTIAC,WAVE,COMPACT,1.6,4,M5,X,10.2,7.1,8.8,32,202
2007,PONTIAC,WAVE 5,SUBCOMPACT,1.6,4,A4,X,10.4,7.5,9.1,31,209
2007,PONTIAC,WAVE 5,SUBCOMPACT,1.6,4,M5,X,10.2,7.1,8.8,32,202
2007,PORSCHE,911 GT3,MINICOMPACT,3.6,6,M6,Z,15.6,10.5,13.3,21,306
2007,PORSCHE,911 GT3 RS,MINICOMPACT,3.6,6,M6,Z,15.2,10.4,13,22,299
2007,PORSCHE,911 TURBO,MINICOMPACT,3.6,6,AS6,Z,15.4,10.1,13,22,299
2007,PORSCHE,911 TURBO,MINICOMPACT,3.6,6,M6,Z,14.9,10.1,12.7,22,292
2007,PORSCHE,BOXSTER,TWO-SEATER,2.7,6,AS6,Z,12.5,9,10.9,26,251
2007,PORSCHE,BOXSTER,TWO-SEATER,2.7,6,M5,Z,11.5,8.1,10,28,230
2007,PORSCHE,BOXSTER,TWO-SEATER,2.7,6,M6,Z,12.3,8.3,10.5,27,242
2007,PORSCHE,BOXSTER S,TWO-SEATER,3.2,6,AS6,Z,13.1,9.4,11.4,25,262
2007,PORSCHE,BOXSTER S,TWO-SEATER,3.2,6,M6,Z,13.3,9.1,11.4,25,262
2007,PORSCHE,CARRERA 2 CABRIOLET,MINICOMPACT,3.6,6,AS6,Z,13.4,9.8,11.8,24,271
2007,PORSCHE,CARRERA 2 CABRIOLET,MINICOMPACT,3.6,6,M6,Z,14.4,9.8,12.3,23,283
2007,PORSCHE,CARRERA 2 COUPE,MINICOMPACT,3.6,6,AS6,Z,13.4,9.8,11.8,24,271
2007,PORSCHE,CARRERA 2 COUPE,MINICOMPACT,3.6,6,M6,Z,14.4,9.8,12.3,23,283
2007,PORSCHE,CARRERA 2S CABRIOLET,MINICOMPACT,3.8,6,AS6,Z,13.5,9.8,11.9,24,274
2007,PORSCHE,CARRERA 2S CABRIOLET,MINICOMPACT,3.8,6,M6,Z,14.7,9.9,12.5,23,288
2007,PORSCHE,CARRERA 2S COUPE,MINICOMPACT,3.8,6,AS6,Z,13.5,9.8,11.9,24,274
2007,PORSCHE,CARRERA 2S COUPE,MINICOMPACT,3.8,6,M6,Z,14.7,9.9,12.5,23,288
2007,PORSCHE,CARRERA 4 CABRIOLET,MINICOMPACT,3.6,6,AS6,Z,13.9,9.9,12.1,23,278
2007,PORSCHE,CARRERA 4 CABRIOLET,MINICOMPACT,3.6,6,M6,Z,14.5,9.9,12.4,23,285
2007,PORSCHE,CARRERA 4 COUPE,MINICOMPACT,3.6,6,AS6,Z,13.9,9.9,12.1,23,278
2007,PORSCHE,CARRERA 4 COUPE,MINICOMPACT,3.6,6,M6,Z,14.5,9.9,12.4,23,285
2007,PORSCHE,CARRERA 4 TARGA,MINICOMPACT,3.6,6,AS6,Z,13.9,9.9,12.1,23,278
2007,PORSCHE,CARRERA 4 TARGA,MINICOMPACT,3.6,6,M6,Z,14.5,9.9,12.4,23,285
2007,PORSCHE,CARRERA 4S CABRIOLET,MINICOMPACT,3.8,6,AS6,Z,13.8,10.3,12.2,23,281
2007,PORSCHE,CARRERA 4S CABRIOLET,MINICOMPACT,3.8,6,M6,Z,15.2,10.3,13,22,299
2007,PORSCHE,CARRERA 4S COUPE,MINICOMPACT,3.8,6,AS6,Z,13.8,10.3,12.2,23,281
2007,PORSCHE,CARRERA 4S COUPE,MINICOMPACT,3.8,6,M6,Z,15.2,10.3,13,22,299
2007,PORSCHE,CARRERA 4S TARGA,MINICOMPACT,3.8,6,AS6,Z,13.8,10.3,12.2,23,281
2007,PORSCHE,CARRERA 4S TARGA,MINICOMPACT,3.8,6,M6,Z,15.2,10.3,13,22,299
2007,PORSCHE,CAYMAN,TWO-SEATER,2.7,6,AS6,Z,12.5,9,10.9,26,251
2007,PORSCHE,CAYMAN,TWO-SEATER,2.7,6,M5,Z,11.5,8.1,10,28,230
2007,PORSCHE,CAYMAN,TWO-SEATER,2.7,6,M6,Z,12.3,8.3,10.5,27,242
2007,PORSCHE,CAYMAN S,TWO-SEATER,3.2,6,AS6,Z,13.1,9.4,11.4,25,262
2007,PORSCHE,CAYMAN S,TWO-SEATER,3.2,6,M6,Z,13.3,9.1,11.4,25,262
2007,ROLLS-ROYCE,PHANTOM,MID-SIZE,6.7,12,A6,Z,20,13.4,17,17,391
2007,SAAB,9-3 CONVERTIBLE TURBO,SUBCOMPACT,2,4,AS5,Z,13.1,8.7,11.1,25,255
2007,SAAB,9-3 CONVERTIBLE TURBO,SUBCOMPACT,2,4,M6,Z,13,8.8,11.1,25,255
2007,SAAB,9-3 CONVERTIBLE TURBO,SUBCOMPACT,2.8,6,AS6,Z,15.6,9.1,12.7,22,292
2007,SAAB,9-3 CONVERTIBLE TURBO,SUBCOMPACT,2.8,6,M6,Z,14.8,9.1,12.2,23,281
2007,SAAB,9-3 SPORT TURBO,COMPACT,2,4,AS5,Z,12.7,8.5,10.8,26,248
2007,SAAB,9-3 SPORT TURBO,COMPACT,2,4,M6,Z,12.2,8.5,10.5,27,242
2007,SAAB,9-3 SPORT TURBO,COMPACT,2.8,6,AS6,Z,15.6,9.1,12.7,22,292
2007,SAAB,9-3 SPORT TURBO,COMPACT,2.8,6,M6,Z,14.8,9.1,12.2,23,281
2007,SAAB,9-3 SPORTCOMBI TURBO,STATION WAGON - SMALL,2,4,AS5,Z,13.1,8.7,11.1,25,255
2007,SAAB,9-3 SPORTCOMBI TURBO,STATION WAGON - SMALL,2,4,M6,Z,12.2,8.5,10.5,27,242
2007,SAAB,9-3 SPORTCOMBI TURBO,STATION WAGON - SMALL,2.8,6,AS6,Z,15.6,9.1,12.7,22,292
2007,SAAB,9-3 SPORTCOMBI TURBO,STATION WAGON - SMALL,2.8,6,M6,Z,14.8,9.1,12.2,23,281
2007,SAAB,9-5 SPORTCOMBI TURBO,STATION WAGON - MID-SIZE,2.3,4,AS5,Z,13.8,8.8,11.6,24,267
2007,SAAB,9-5 SPORTCOMBI TURBO,STATION WAGON - MID-SIZE,2.3,4,M5,Z,13.1,8.6,11.1,25,255
2007,SAAB,9-5 TURBO,MID-SIZE,2.3,4,AS5,Z,13.8,8.8,11.6,24,267
2007,SAAB,9-5 TURBO,MID-SIZE,2.3,4,M5,Z,13.1,8.6,11.1,25,255
2007,SAAB,9-7X AWD,SUV,4.2,6,A4,X,17,11.9,14.7,19,338
2007,SAAB,9-7X AWD,SUV,5.3,8,A4,X,17.1,12,14.8,19,340
2007,SATURN,AURA,MID-SIZE,3.5,6,A4,X,13,8.6,11,26,253
2007,SATURN,AURA,MID-SIZE,3.6,6,AS6,X,13.4,9,11.4,25,262
2007,SATURN,AURA HYBRID,MID-SIZE,2.4,4,A4,X,9.8,7.4,8.7,32,200
2007,SATURN,ION,SUBCOMPACT,2.2,4,A4,X,11,7.9,9.6,29,221
2007,SATURN,ION,SUBCOMPACT,2.2,4,M5,X,10.5,7.1,9,31,207
2007,SATURN,ION,SUBCOMPACT,2.4,4,A4,Z,10.8,8,9.5,30,219
2007,SATURN,ION,SUBCOMPACT,2.4,4,M5,Z,10.8,7.5,9.3,30,214
2007,SATURN,ION #,SUBCOMPACT,2,4,M5,Z,11.9,8.5,10.4,27,239
2007,SATURN,OUTLOOK,SUV,3.6,6,A6,X,14.6,9.8,12.4,23,285
2007,SATURN,OUTLOOK AWD,SUV,3.6,6,A6,X,15.1,10.5,13,22,299
2007,SATURN,RELAY,MINIVAN,3.9,6,A4,X,14.7,10.1,12.6,22,290
2007,SATURN,RELAY FFV,MINIVAN,3.9,6,A4,X,14.8,10.1,12.7,22,292
2007,SATURN,RELAY FFV,MINIVAN,3.9,6,A4,E,19.7,13.5,16.9,17,270
2007,SATURN,SKY,TWO-SEATER,2.4,4,A5,Z,12.2,9.8,11.2,25,258
2007,SATURN,SKY,TWO-SEATER,2.4,4,M5,Z,13.4,9,11.4,25,262
2007,SATURN,SKY TURBO,TWO-SEATER,2,4,A5,Z,12.7,8.9,11,26,253
2007,SATURN,SKY TURBO,TWO-SEATER,2,4,M5,Z,12.2,8.3,10.5,27,242
2007,SATURN,VUE,SUV,2.2,4,A4,X,12.5,9.6,11.2,25,258
2007,SATURN,VUE,SUV,2.2,4,M5,X,12.8,8.9,11,26,253
2007,SATURN,VUE,SUV,3.5,6,A5,X,13.4,9.3,11.5,25,265
2007,SATURN,VUE AWD,SUV,3.5,6,A5,X,14.2,9.9,12.3,23,283
2007,SATURN,VUE HYBRID,SUV,2.4,4,A4,X,10.1,8,9.2,31,212
2007,SUBARU,B9 TRIBECA,SUV,3,4,AS5,Z,14.9,11.2,13.2,21,304
2007,SUBARU,FORESTER 2.5X,SUV,2.5,4,A4,X,11.8,9.1,10.6,27,244
2007,SUBARU,FORESTER 2.5X,SUV,2.5,4,M5,X,12.1,8.9,10.7,26,246
2007,SUBARU,FORESTER 2.5XS,SUV,2.5,4,A4,X,11.8,9.1,10.6,27,244
2007,SUBARU,FORESTER 2.5XS,SUV,2.5,4,M5,X,12.1,8.9,10.7,26,246
2007,SUBARU,FORESTER 2.5XT,SUV,2.5,4,M5,Z,12.9,10.1,11.6,24,267
2007,SUBARU,FORESTER 2.5XT,SUV,2.5,4,M6,Z,13.2,9.5,11.5,25,265
2007,SUBARU,IMPREZA 2.5i,SUBCOMPACT,2.5,4,A4,X,11.8,9.1,10.6,27,244
2007,SUBARU,IMPREZA 2.5i,SUBCOMPACT,2.5,4,M5,X,12.1,8.9,10.7,26,246
2007,SUBARU,IMPREZA 2.5i SPORT WAGON,STATION WAGON - SMALL,2.5,4,A4,X,11.8,9.1,10.6,27,244
2007,SUBARU,IMPREZA 2.5i SPORT WAGON,STATION WAGON - SMALL,2.5,4,M5,X,12.1,8.9,10.7,26,246
2007,SUBARU,IMPREZA WRX,SUBCOMPACT,2.5,4,M5,Z,13.2,9.5,11.5,25,265
2007,SUBARU,IMPREZA WRX SPORT WAGON,STATION WAGON - SMALL,2.5,4,M5,Z,13.2,9.5,11.5,25,265
2007,SUBARU,IMPREZA WRX STI,SUBCOMPACT,2.5,4,M6,Z,14.2,10.4,12.5,23,288
2007,SUBARU,LEGACY 2.5GT,COMPACT,2.5,4,AS5,Z,13.6,10.2,12.1,23,278
2007,SUBARU,LEGACY 2.5GT,COMPACT,2.5,4,M5,Z,13.2,9.5,11.5,25,265
2007,SUBARU,LEGACY 2.5GT SPEC B,COMPACT,2.5,4,M6,Z,13.8,9.7,12,24,276
2007,SUBARU,LEGACY 2.5GT WAGON,STATION WAGON - MID-SIZE,2.5,4,AS5,Z,13.6,10.2,12.1,23,278
2007,SUBARU,LEGACY 2.5GT WAGON,STATION WAGON - MID-SIZE,2.5,4,M5,Z,13.2,9.5,11.5,25,265
2007,SUBARU,LEGACY 2.5i,COMPACT,2.5,4,AS4,X,11.7,8.6,10.3,27,237
2007,SUBARU,LEGACY 2.5i,STATION WAGON - MID-SIZE,2.5,4,AS4,X,11.7,8.6,10.3,27,237
2007,SUBARU,LEGACY 2.5i,COMPACT,2.5,4,M5,X,12.1,8.9,10.7,26,246
2007,SUBARU,LEGACY 2.5i,STATION WAGON - MID-SIZE,2.5,4,M5,X,12.1,8.9,10.7,26,246
2007,SUBARU,OUTBACK 2.5i WAGON,SUV,2.5,4,AS4,X,12,9,10.7,26,246
2007,SUBARU,OUTBACK 2.5i WAGON,SUV,2.5,4,M5,X,11.7,9,10.5,27,242
2007,SUBARU,OUTBACK 2.5XT WAGON,SUV,2.5,4,AS5,Z,13.2,9.9,11.7,24,269
2007,SUBARU,OUTBACK 2.5XT WAGON,SUV,2.5,4,M5,Z,12.8,9.6,11.3,25,260
2007,SUBARU,OUTBACK 3.0R WAGON,SUV,3,4,AS5,Z,13.7,10.1,12.1,23,278
2007,SUZUKI,AERIO,COMPACT,2.3,4,A4,X,10.6,8.3,9.6,29,221
2007,SUZUKI,AERIO,COMPACT,2.3,4,M5,X,10.8,8.3,9.7,29,223
2007,SUZUKI,GRAND VITARA 4X4,SUV,2.7,6,A5,X,13.9,11,12.6,22,290
2007,SUZUKI,GRAND VITARA 4X4,SUV,2.7,6,M5,X,14.6,11.2,13.1,22,301
2007,SUZUKI,SWIFT+,COMPACT,1.6,4,A4,X,10.4,7.5,9.1,31,209
2007,SUZUKI,SWIFT+,COMPACT,1.6,4,M5,X,10.2,7.1,8.8,32,202
2007,SUZUKI,SX4,STATION WAGON - SMALL,2,4,A4,X,10.3,7.8,9.2,31,212
2007,SUZUKI,SX4,STATION WAGON - SMALL,2,4,M5,X,10.5,8.2,9.5,30,219
2007,SUZUKI,SX4 JX,STATION WAGON - SMALL,2,4,A4,X,10.5,8,9.4,30,216
2007,SUZUKI,SX4 JX,STATION WAGON - SMALL,2,4,M5,X,10.9,8.6,9.8,29,225
2007,SUZUKI,SX4 JX/JLX AWD,STATION WAGON - SMALL,2,4,A4,X,11.3,8.5,10,28,230
2007,SUZUKI,SX4 JX/JLX AWD,STATION WAGON - SMALL,2,4,M5,X,11.5,9,10.4,27,239
2007,SUZUKI,XL7,SUV,3.6,6,AS5,X,14.5,10.6,12.7,22,292
2007,SUZUKI,XL7 AWD,SUV,3.6,6,AS5,X,15.1,11.2,13.3,21,306
2007,TOYOTA,4RUNNER 4X4,SUV,4,6,A5,X,15.1,12,13.7,21,315
2007,TOYOTA,4RUNNER 4X4,SUV,4.7,8,A5,X,16.3,13.3,14.9,19,343
2007,TOYOTA,AVALON,FULL-SIZE,3.5,6,AS5,X,12,8.3,10.4,27,239
2007,TOYOTA,CAMRY,MID-SIZE,2.4,4,A5,X,11.2,7.8,9.6,29,221
2007,TOYOTA,CAMRY,MID-SIZE,2.4,4,M5,X,11,7.6,9.5,30,219
2007,TOYOTA,CAMRY,MID-SIZE,3.5,6,AS6,X,12.1,8.3,10.4,27,239
2007,TOYOTA,CAMRY HYBRID,MID-SIZE,2.4,4,AV,X,6.8,6.8,6.8,42,156
2007,TOYOTA,CAMRY SOLARA,COMPACT,2.4,4,AS5,X,10.9,7.5,9.4,30,216
2007,TOYOTA,CAMRY SOLARA,COMPACT,3.3,6,AS5,X,13,8.7,11,26,253
2007,TOYOTA,CAMRY SOLARA CONVERTIBLE,COMPACT,3.3,6,AS5,X,13.1,9,11.3,25,260
2007,TOYOTA,COROLLA,COMPACT,1.8,4,A4,X,9.1,6.7,8,35,184
2007,TOYOTA,COROLLA,COMPACT,1.8,4,M5,X,8.3,6.4,7.4,38,170
2007,TOYOTA,FJ CRUISER 4X4,SUV,4,6,A5,Z,15.1,12,13.7,21,315
2007,TOYOTA,FJ CRUISER 4X4,SUV,4,6,M6,Z,16.2,13.1,14.8,19,340
2007,TOYOTA,HIGHLANDER AWD,SUV,2.4,4,A4,X,13.1,10.3,11.8,24,271
2007,TOYOTA,HIGHLANDER AWD,SUV,3.3,6,A5,X,14.3,10.6,12.6,22,290
2007,TOYOTA,HIGHLANDER HYBRID AWD,SUV,3.3,6,AV,X,8.9,9.8,9.3,30,214
2007,TOYOTA,MATRIX,STATION WAGON - SMALL,1.8,4,A4,X,9.6,7.5,8.7,32,200
2007,TOYOTA,MATRIX,STATION WAGON - SMALL,1.8,4,M5,X,9.3,7.2,8.3,34,191
2007,TOYOTA,PRIUS,MID-SIZE,1.5,4,AV,X,5,5.1,5.1,55,117
2007,TOYOTA,RAV4 AWD,SUV,2.4,4,A4,X,11.5,9.3,10.5,27,242
2007,TOYOTA,RAV4 AWD,SUV,3.5,6,A5,X,12.6,9.1,11,26,253
2007,TOYOTA,SEQUOIA 4X4,UL,4.7,8,A5,X,17.4,14.2,16,18,368
2007,TOYOTA,SIENNA,MINIVAN,3.5,6,A5,X,13.2,9.6,11.6,24,267
2007,TOYOTA,SIENNA AWD,MINIVAN,3.5,6,A5,X,14.9,11.2,13.2,21,304
2007,TOYOTA,TACOMA,PICKUP TRUCK - STANDARD,2.7,4,A4,X,12.6,9.5,11.2,25,258
2007,TOYOTA,TACOMA,PICKUP TRUCK - STANDARD,2.7,4,M5,X,11.5,9.1,10.4,27,239
2007,TOYOTA,TACOMA,PICKUP TRUCK - STANDARD,4,6,A5,X,14.4,11.5,13.1,22,301
2007,TOYOTA,TACOMA,PICKUP TRUCK - STANDARD,4,6,M6,X,15.1,11.9,13.7,21,315
2007,TOYOTA,TACOMA 4X4,PICKUP TRUCK - STANDARD,4,6,A5,X,15,12,13.7,21,315
2007,TOYOTA,TACOMA 4X4,PICKUP TRUCK - STANDARD,4,6,M6,X,16.1,12.8,14.6,19,336
2007,TOYOTA,TUNDRA,PICKUP TRUCK - STANDARD,4.7,8,AS5,X,17.1,13.7,15.6,18,359
2007,TOYOTA,TUNDRA 4X4,PICKUP TRUCK - STANDARD,4.7,8,AS5,X,17.6,14.2,16,18,368
2007,TOYOTA,YARIS,SUBCOMPACT,1.5,4,A4,X,8.2,6.7,7.5,38,173
2007,TOYOTA,YARIS,SUBCOMPACT,1.5,4,M5,X,8.1,6.6,7.4,38,170
2007,VOLKSWAGEN,CITY GOLF,COMPACT,2,4,A4,X,11,8.6,9.9,29,228
2007,VOLKSWAGEN,CITY GOLF,COMPACT,2,4,M5,X,11.2,8.5,10,28,230
2007,VOLKSWAGEN,CITY JETTA,COMPACT,2,4,A4,X,11,8.6,9.9,29,228
2007,VOLKSWAGEN,CITY JETTA,COMPACT,2,4,M5,X,11.2,8.5,10,28,230
2007,VOLKSWAGEN,EOS,SUBCOMPACT,2,4,AS6,Z,11.7,8.2,10.1,28,232
2007,VOLKSWAGEN,EOS,SUBCOMPACT,2,4,M6,Z,11.5,8.1,10,28,230
2007,VOLKSWAGEN,EOS,SUBCOMPACT,3.2,6,AS6,Z,12.2,8.9,10.7,26,246
2007,VOLKSWAGEN,GTI,COMPACT,2,4,AS6,Z,10.6,8.2,9.6,29,221
2007,VOLKSWAGEN,GTI,COMPACT,2,4,M6,Z,11.5,8.1,10,28,230
2007,VOLKSWAGEN,JETTA,COMPACT,2,4,AS6,Z,10.6,8.2,9.6,29,221
2007,VOLKSWAGEN,JETTA,COMPACT,2,4,M6,Z,11.5,8.1,10,28,230
2007,VOLKSWAGEN,JETTA,COMPACT,2.5,5,AS6,X,12.5,8.6,10.7,26,246
2007,VOLKSWAGEN,JETTA,COMPACT,2.5,5,M5,X,12.1,8.6,10.5,27,242
2007,VOLKSWAGEN,NEW BEETLE,SUBCOMPACT,2.5,5,AS6,X,11.8,8.1,10.1,28,232
2007,VOLKSWAGEN,NEW BEETLE,SUBCOMPACT,2.5,5,M5,X,11.8,8.5,10.3,27,237
2007,VOLKSWAGEN,NEW BEETLE CONVERTIBLE,MINICOMPACT,2.5,5,AS6,X,12.5,8.6,10.7,26,246
2007,VOLKSWAGEN,NEW BEETLE CONVERTIBLE,MINICOMPACT,2.5,5,M5,X,12.1,8.6,10.5,27,242
2007,VOLKSWAGEN,PASSAT,MID-SIZE,2,4,AS6,Z,12.2,8.5,10.5,27,242
2007,VOLKSWAGEN,PASSAT,MID-SIZE,2,4,M6,Z,11.5,8.1,10,28,230
2007,VOLKSWAGEN,PASSAT,MID-SIZE,3.6,6,AS6,Z,13.9,9.1,11.8,24,271
2007,VOLKSWAGEN,PASSAT 4MOTION,MID-SIZE,3.6,6,AS6,Z,14.4,9.8,12.3,23,283
2007,VOLKSWAGEN,PASSAT 4MOTION WAGON,STATION WAGON - MID-SIZE,3.6,6,AS6,Z,14.4,9.8,12.3,23,283
2007,VOLKSWAGEN,PASSAT WAGON,STATION WAGON - MID-SIZE,2,4,AS6,Z,11.7,8.2,10.1,28,232
2007,VOLKSWAGEN,PASSAT WAGON,STATION WAGON - MID-SIZE,2,4,M6,Z,11.5,8.1,10,28,230
2007,VOLKSWAGEN,PASSAT WAGON,STATION WAGON - MID-SIZE,3.6,6,AS6,Z,13.9,9.1,11.8,24,271
2007,VOLKSWAGEN,RABBIT,COMPACT,2.5,5,AS6,X,11.9,8.5,10.4,27,239
2007,VOLKSWAGEN,RABBIT,COMPACT,2.5,5,M5,X,12.1,8.6,10.5,27,242
2007,VOLKSWAGEN,TOUAREG,SUV,3.6,6,AS6,Z,16.8,12.9,15.1,19,347
2007,VOLKSWAGEN,TOUAREG,SUV,4.2,8,AS6,Z,18.9,13.5,16.5,17,380
2007,VOLVO,C70 T5 TURBO,SUBCOMPACT,2.5,5,AS5,Z,13.3,8.9,11.3,25,260
2007,VOLVO,C70 T5 TURBO,SUBCOMPACT,2.5,5,M6,Z,12.8,8.7,10.9,26,251
2007,VOLVO,S40 2.4i,COMPACT,2.4,5,AS5,Z,12,8.3,10.4,27,239
2007,VOLVO,S40 2.4i,COMPACT,2.4,5,M5,Z,12.3,8.8,10.7,26,246
2007,VOLVO,S40 T5 AWD TURBO,COMPACT,2.5,5,AS5,Z,13.2,9.1,11.4,25,262
2007,VOLVO,S40 T5 AWD TURBO,COMPACT,2.5,5,M6,Z,13.3,9.1,11.4,25,262
2007,VOLVO,S40 T5 TURBO,COMPACT,2.5,5,AS5,Z,12.5,8.5,10.7,26,246
2007,VOLVO,S40 T5 TURBO,COMPACT,2.5,5,M6,Z,12.8,8.7,10.9,26,251
2007,VOLVO,S60 2.4,COMPACT,2.4,5,M5,Z,12.3,8.8,10.7,26,246
2007,VOLVO,S60 2.5T AWD TURBO,COMPACT,2.5,5,A5,Z,13.4,9.4,11.6,24,267
2007,VOLVO,S60 2.5T AWD TURBO,COMPACT,2.5,5,AS5,Z,13.2,9.1,11.4,25,262
2007,VOLVO,S60 2.5T TURBO,COMPACT,2.5,5,A5,Z,12.6,8.6,10.8,26,248
2007,VOLVO,S60 2.5T TURBO,COMPACT,2.5,5,AS5,Z,12.5,8.5,10.7,26,246
2007,VOLVO,S60 R AWD TURBO,COMPACT,2.5,5,AS6,Z,15.2,10.3,13,22,299
2007,VOLVO,S60 R AWD TURBO,COMPACT,2.5,5,M6,Z,14.5,10.4,12.6,22,290
2007,VOLVO,S60 T5 TURBO,COMPACT,2.4,5,AS5,Z,13.3,9,11.4,25,262
2007,VOLVO,S60 T5 TURBO,COMPACT,2.4,5,M6,Z,12.9,9.3,11.2,25,258
2007,VOLVO,V50 2.4i,STATION WAGON - SMALL,2.4,5,AS5,Z,12,8.3,10.4,27,239
2007,VOLVO,V50 2.4i,STATION WAGON - SMALL,2.4,5,M5,Z,12.3,8.8,10.7,26,246
2007,VOLVO,V50 T5 AWD TURBO,STATION WAGON - SMALL,2.5,5,AS5,Z,13.2,9.1,11.4,25,262
2007,VOLVO,V50 T5 AWD TURBO,STATION WAGON - SMALL,2.5,5,M6,Z,13.7,9.5,11.8,24,271
2007,VOLVO,V50 T5 TURBO,STATION WAGON - SMALL,2.5,5,AS5,Z,12.5,8.5,10.7,26,246
2007,VOLVO,V50 T5 TURBO,STATION WAGON - SMALL,2.5,5,M6,Z,12.8,8.7,10.9,26,251
2007,VOLVO,V70 2.4,STATION WAGON - MID-SIZE,2.4,5,A5,Z,12.8,8.9,11,26,253
2007,VOLVO,V70 2.4,STATION WAGON - MID-SIZE,2.4,5,M5,Z,12.3,8.8,10.7,26,246
2007,VOLVO,V70 2.5T AWD TURBO,STATION WAGON - MID-SIZE,2.5,5,A5,Z,13.4,9.4,11.6,24,267
2007,VOLVO,V70 2.5T AWD TURBO,STATION WAGON - MID-SIZE,2.5,5,AS5,Z,13.2,9.1,11.4,25,262
2007,VOLVO,V70 2.5T TURBO,STATION WAGON - MID-SIZE,2.5,5,AS5,Z,13.3,8.9,11.3,25,260
2007,VOLVO,V70 R AWD TURBO,STATION WAGON - MID-SIZE,2.5,5,AS6,Z,15.2,10.3,13,22,299
2007,VOLVO,V70 R AWD TURBO,STATION WAGON - MID-SIZE,2.5,5,M6,Z,14.5,10.4,12.6,22,290
2007,VOLVO,V70 T5 TURBO,STATION WAGON - MID-SIZE,2.4,5,AS5,Z,13.3,9,11.4,25,262
2007,VOLVO,V70 T5 TURBO,STATION WAGON - MID-SIZE,2.4,5,M6,Z,13.5,9.7,11.8,24,271
2007,VOLVO,XC70 AWD TURBO,SUV,2.5,5,AS5,Z,14.4,10.4,12.6,22,290
2007,VOLVO,XC90 2.5T AWD TURBO,SUV,2.5,5,AS5,Z,15.3,11.8,13.7,21,315
2007,VOLVO,XC90 2.5T TURBO,SUV,2.5,5,AS5,Z,15.2,11.2,13.4,21,308
2007,VOLVO,XC90 3.2,SUV,3.2,6,AS6,Z,15.5,11.4,13.7,21,315
2007,VOLVO,XC90 3.2 AWD,SUV,3.2,6,AS6,Z,16.3,11.8,14.2,20,327
2007,VOLVO,XC90 V8 AWD,SUV,4.4,8,AS6,Z,18,12.5,15.5,18,357
,,,,,,,,,,,,
"*Starting with the 2015 model year, vehicle manufacturers will use an improved testing procedure to determine the fuel consumption ratings of new light-duty vehicles. The new test methods result in higher fuel consumption ratings that are",,,,,,,,,,,,
"more representative of everyday driving. To help you compare vehicles from different model years, the ratings for 1995-2014 vehicles have been adjusted to reflect the new test methods. Note that these  are approximate values that were ",,,,,,,,,,,,
"generated from the original ratings, not from vehicle testing.",,,,,,,,,,,,
,,,,,,,,,,,,
Understanding the Table,,,,,,,,,,,,
Model,4WD/4X4 = Four-wheel drive,,,,,,,,,,,
,AWD = All-wheel drive,,,,,,,,,,,
,CNG = Compressed natural gas,,,,,,,,,,,
,FFV = Flexible-fuel vehicle,,,,,,,,,,,
,NGV = Natural gas vehicle,,,,,,,,,,,
,# = High output engine that provides more power than the standard engine of the same size,,,,,,,,,,,
Transmission,A = Automatic,,,,,,,,,,,
,AM = Automated manual,,,,,,,,,,,
,AS = Automatic with select shift,,,,,,,,,,,
,AV = Continuously variable,,,,,,,,,,,
,M = Manual,,,,,,,,,,,
,3  10 = Number of gears,,,,,,,,,,,
Fuel Type,X = Regular gasoline,,,,,,,,,,,
,Z = Premium gasoline,,,,,,,,,,,
,D = Diesel,,,,,,,,,,,
,E = Ethanol (E85),,,,,,,,,,,
,N = Natural Gas,,,,,,,,,,,
Fuel Consumption,"City and highway fuel consumption ratings are shown in litres per 100 kilometres (L/100 km) - combined rating (55% city, 45% hwy) is shown in L/100 km and in miles per imperial gallon (mpg)",,,,,,,,,,,
CO2 Emissions (g/km),Estimated tailpipe carbon dioxide emissions (in grams per kilometre) are based on fuel type and the combined fuel consumption rating.,,,,,,,,,,,
